2026-09-10 11:17:58.566 T:101983    info <general>: -----------------------------------------------------------------------
2026-09-10 11:17:58.566 T:101983    info <general>: Starting Kodi (22.0-BETA2 (21.90.802) Git:20260831-e513e0ff43). Platform: Linux ARM 64-bit
2026-09-10 11:17:58.566 T:101983    info <general>: Using Release Kodi x64
2026-09-10 11:17:58.566 T:101983    info <general>: Kodi compiled 2026-09-09 by GCC 14.2.0 for Linux ARM 64-bit version 6.12.107 (396395)
2026-09-10 11:17:58.566 T:101983    info <general>: Running on Armbian 26.11.0-trunk.35 trixie 13, kernel: Linux ARM 64-bit version 6.1.115-vendor-rk35xx-screenbridge-hdmirx-audio
2026-09-10 11:17:58.566 T:101983    info <general>: FFmpeg version/source: d90e3a1
2026-09-10 11:17:58.566 T:101983    info <general>: 8 CPU cores available
2026-09-10 11:17:58.566 T:101983    info <general>: ARM Features: Neon enabled
2026-09-10 11:17:58.566 T:101983    info <general>: special://xbmc/ is mapped to: /opt/rk3588-mediabox/kodi/share/kodi
2026-09-10 11:17:58.566 T:101983    info <general>: special://xbmcbin/ is mapped to: /opt/rk3588-mediabox/kodi/lib/kodi
2026-09-10 11:17:58.566 T:101983    info <general>: special://xbmcbinaddons/ is mapped to: /opt/rk3588-mediabox/kodi/lib/kodi/addons
2026-09-10 11:17:58.566 T:101983    info <general>: special://masterprofile/ is mapped to: /var/tmp/kodi-home/.kodi/userdata
2026-09-10 11:17:58.566 T:101983    info <general>: special://envhome/ is mapped to: /var/tmp/kodi-home
2026-09-10 11:17:58.566 T:101983    info <general>: special://home/ is mapped to: /var/tmp/kodi-home/.kodi
2026-09-10 11:17:58.566 T:101983    info <general>: special://temp/ is mapped to: /var/tmp/kodi-home/.kodi/temp
2026-09-10 11:17:58.566 T:101983    info <general>: special://logpath/ is mapped to: /var/tmp/kodi-home/.kodi/temp
2026-09-10 11:17:58.566 T:101983    info <general>: Webserver extra whitelist paths: 
2026-09-10 11:17:58.566 T:101983    info <general>: The executable running is: /opt/rk3588-mediabox/kodi/lib/kodi/kodi-gbm
2026-09-10 11:17:58.567 T:101983    info <general>: Local hostname: orangepi5-ultra
2026-09-10 11:17:58.567 T:101983    info <general>: Log File is located: /var/tmp/kodi-home/.kodi/temp/kodi.log
2026-09-10 11:17:58.567 T:101983    info <general>: -----------------------------------------------------------------------
2026-09-10 11:17:58.567 T:101983    info <general>: loading settings
2026-09-10 11:17:58.567 T:101983    info <general>: special://profile/ is mapped to: special://masterprofile/
2026-09-10 11:17:58.567 T:101983   debug <general>: bool CSettingsMigration::UpdateXMLSettings(TiXmlElement*, int, int): upgrading settings from version 2 to 4
2026-09-10 11:17:58.567 T:101983   debug <general>: KODI::SETTINGS::SettingConversionResult KODI::SETTINGS::impl::ConvertSingleSetting(TiXmlElement*, std::string_view, std::string_view, ConvertFn) [with FromT = CSettingBool; ToT = CSettingInt; ConvertFn = KODI::SETTINGS::ConvertSettingBoolToInt(TiXmlElement*, std::string_view, std::string_view, const SettingBoolToIntMapping&)::<lambda(bool)>; std::string_view = std::basic_string_view<char>]: Old setting "dvds.autorun" not found. The new setting "dvds.autoaction" will have its default value.
2026-09-10 11:17:58.567 T:101983   debug <general>: KODI::SETTINGS::SettingConversionResult KODI::SETTINGS::impl::ConvertSingleSetting(TiXmlElement*, std::string_view, std::string_view, ConvertFn) [with FromT = CSettingInt; ToT = CSettingNumber; ConvertFn = KODI::SETTINGS::CSettingsMigrationToV4::Apply(TiXmlElement*)::<lambda(int)>; std::string_view = std::basic_string_view<char>]: Old setting "musicplayer.replaygainpreamp" not found. The new setting "musicplayer.replaygainpreampdb" will have its default value.
2026-09-10 11:17:58.567 T:101983   debug <general>: KODI::SETTINGS::SettingConversionResult KODI::SETTINGS::impl::ConvertSingleSetting(TiXmlElement*, std::string_view, std::string_view, ConvertFn) [with FromT = CSettingInt; ToT = CSettingNumber; ConvertFn = KODI::SETTINGS::CSettingsMigrationToV4::Apply(TiXmlElement*)::<lambda(int)>; std::string_view = std::basic_string_view<char>]: Old setting "musicplayer.replaygainnogainpreamp" not found. The new setting "musicplayer.replaygainnogainpreampdb" will have its default value.
2026-09-10 11:17:58.568 T:101983    info <general>: No settings file to load (special://xbmc/system/advancedsettings.xml)
2026-09-10 11:17:58.568 T:101983    info <general>: No settings file to load (special://masterprofile/advancedsettings.xml)
2026-09-10 11:17:58.568 T:101983    info <general>: Default Video Player: VideoPlayer
2026-09-10 11:17:58.568 T:101983    info <general>: Default Audio Player: paplayer
2026-09-10 11:17:58.568 T:101983    info <general>: Disabled debug logging due to GUI setting. Level 1.
2026-09-10 11:17:58.568 T:101983 warning <general>: CViewStateSettings: no <viewstates> tag found
2026-09-10 11:17:58.568 T:101983   error <general>: CDisplaySettings: settings file doesn't contain <resolutions>
2026-09-10 11:17:58.568 T:101983   debug <general>: CSkinSettings: no <skinsettings> tag found
2026-09-10 11:17:58.568 T:101983   error <general>: CSettings: unable to load settings from special://masterprofile/guisettings.xml, creating new default settings
2026-09-10 11:17:58.582 T:101983    info <general>: No settings file to load (special://xbmc/system/advancedsettings.xml)
2026-09-10 11:17:58.582 T:101983    info <general>: No settings file to load (special://masterprofile/advancedsettings.xml)
2026-09-10 11:17:58.582 T:101983    info <general>: Default Video Player: VideoPlayer
2026-09-10 11:17:58.582 T:101983    info <general>: Default Audio Player: paplayer
2026-09-10 11:17:58.582 T:101983    info <general>: Disabled debug logging due to GUI setting. Level 1.
2026-09-10 11:17:58.582 T:101983   debug <general>: CSkinSettings: no <skinsettings> tag found
2026-09-10 11:17:58.588 T:101983    info <general>: New Cache GUI Settings (replacement of cache in advancedsettings.xml) are:
                                                     Buffer Mode: 4
                                                     Memory Size: 64 MB
                                                     Read Factor: 0.00 x (adaptive)
                                                     Chunk Size : 131072 bytes
2026-09-10 11:17:58.589 T:101983    info <general>: creating subdirectories
2026-09-10 11:17:58.589 T:101983    info <general>: userdata folder: special://masterprofile/
2026-09-10 11:17:58.589 T:101983    info <general>: recording folder: 
2026-09-10 11:17:58.589 T:101983    info <general>: screenshots folder: 
2026-09-10 11:17:58.590 T:101983    info <general>: SqliteDatabase: library version 3.46.1
2026-09-10 11:17:58.621 T:101983    info <general>: creating version table
2026-09-10 11:17:58.621 T:101983    info <general>: create addons table
2026-09-10 11:17:58.621 T:101983    info <general>: create repo table
2026-09-10 11:17:58.621 T:101983    info <general>: create addonlinkrepo table
2026-09-10 11:17:58.621 T:101983    info <general>: create update_rules table
2026-09-10 11:17:58.621 T:101983    info <general>: create package table
2026-09-10 11:17:58.621 T:101983    info <general>: create installed table
2026-09-10 11:17:58.621 T:101983    info <general>: creating addon database indices
2026-09-10 11:17:58.642 T:101983   error <general>: GetDirectory - Error getting /opt/rk3588-mediabox/kodi/lib/kodi/addons
2026-09-10 11:17:58.642 T:101983   error <general>: GetDirectory - Error getting special://xbmcbin/addons
2026-09-10 11:17:58.646 T:101983   debug <general>: static bool ADDON::CAddonInfoBuilder::ParseXMLTypes(ADDON::CAddonType&, const ADDON::AddonInfoPtr&, const tinyxml2::XMLElement*): Binary addon found: screensaver.xbmc.builtin.black
2026-09-10 11:17:58.648 T:101983   debug <general>: static bool ADDON::CAddonInfoBuilder::ParseXMLTypes(ADDON::CAddonType&, const ADDON::AddonInfoPtr&, const tinyxml2::XMLElement*): Binary addon found: audioencoder.kodi.builtin.aac
2026-09-10 11:17:58.650 T:101983   debug <general>: static bool ADDON::CAddonInfoBuilder::ParseXMLTypes(ADDON::CAddonType&, const ADDON::AddonInfoPtr&, const tinyxml2::XMLElement*): Binary addon found: screensaver.xbmc.builtin.dim
2026-09-10 11:17:58.650 T:101983   debug <general>: static bool ADDON::CAddonInfoBuilder::ParseXMLTypes(ADDON::CAddonType&, const ADDON::AddonInfoPtr&, const tinyxml2::XMLElement*): Binary addon found: audioencoder.kodi.builtin.wma
2026-09-10 11:17:58.651 T:101983   debug <general>: CAddonDatabase: audioencoder.kodi.builtin.aac has been installed.
2026-09-10 11:17:58.651 T:101983   debug <general>: CAddonDatabase: audioencoder.kodi.builtin.wma has been installed.
2026-09-10 11:17:58.651 T:101983   debug <general>: CAddonDatabase: game.controller.default has been installed.
2026-09-10 11:17:58.651 T:101983   debug <general>: CAddonDatabase: game.controller.keyboard has been installed.
2026-09-10 11:17:58.651 T:101983   debug <general>: CAddonDatabase: game.controller.mouse has been installed.
2026-09-10 11:17:58.651 T:101983   debug <general>: CAddonDatabase: game.controller.snes has been installed.
2026-09-10 11:17:58.651 T:101983   debug <general>: CAddonDatabase: kodi.binary.global.audioengine has been installed.
2026-09-10 11:17:58.651 T:101983   debug <general>: CAddonDatabase: kodi.binary.global.filesystem has been installed.
2026-09-10 11:17:58.651 T:101983   debug <general>: CAddonDatabase: kodi.binary.global.general has been installed.
2026-09-10 11:17:58.651 T:101983   debug <general>: CAddonDatabase: kodi.binary.global.gui has been installed.
2026-09-10 11:17:58.651 T:101983   debug <general>: CAddonDatabase: kodi.binary.global.main has been installed.
2026-09-10 11:17:58.651 T:101983   debug <general>: CAddonDatabase: kodi.binary.global.network has been installed.
2026-09-10 11:17:58.651 T:101983   debug <general>: CAddonDatabase: kodi.binary.global.tools has been installed.
2026-09-10 11:17:58.651 T:101983   debug <general>: CAddonDatabase: kodi.binary.instance.audiodecoder has been installed.
2026-09-10 11:17:58.651 T:101983   debug <general>: CAddonDatabase: kodi.binary.instance.audioencoder has been installed.
2026-09-10 11:17:58.651 T:101983   debug <general>: CAddonDatabase: kodi.binary.instance.game has been installed.
2026-09-10 11:17:58.651 T:101983   debug <general>: CAddonDatabase: kodi.binary.instance.imagedecoder has been installed.
2026-09-10 11:17:58.651 T:101983   debug <general>: CAddonDatabase: kodi.binary.instance.inputstream has been installed.
2026-09-10 11:17:58.651 T:101983   debug <general>: CAddonDatabase: kodi.binary.instance.peripheral has been installed.
2026-09-10 11:17:58.651 T:101983   debug <general>: CAddonDatabase: kodi.binary.instance.pvr has been installed.
2026-09-10 11:17:58.651 T:101983   debug <general>: CAddonDatabase: kodi.binary.instance.screensaver has been installed.
2026-09-10 11:17:58.651 T:101983   debug <general>: CAddonDatabase: kodi.binary.instance.shaderpreset has been installed.
2026-09-10 11:17:58.651 T:101983   debug <general>: CAddonDatabase: kodi.binary.instance.vfs has been installed.
2026-09-10 11:17:58.651 T:101983   debug <general>: CAddonDatabase: kodi.binary.instance.videocodec has been installed.
2026-09-10 11:17:58.651 T:101983   debug <general>: CAddonDatabase: kodi.binary.instance.visualization has been installed.
2026-09-10 11:17:58.651 T:101983   debug <general>: CAddonDatabase: kodi.resource has been installed.
2026-09-10 11:17:58.651 T:101983   debug <general>: CAddonDatabase: metadata.album.universal has been installed.
2026-09-10 11:17:58.651 T:101983   debug <general>: CAddonDatabase: metadata.artists.universal has been installed.
2026-09-10 11:17:58.651 T:101983   debug <general>: CAddonDatabase: metadata.common.allmusic.com has been installed.
2026-09-10 11:17:58.651 T:101983   debug <general>: CAddonDatabase: metadata.common.fanart.tv has been installed.
2026-09-10 11:17:58.651 T:101983   debug <general>: CAddonDatabase: metadata.common.musicbrainz.org has been installed.
2026-09-10 11:17:58.651 T:101983   debug <general>: CAddonDatabase: metadata.common.theaudiodb.com has been installed.
2026-09-10 11:17:58.651 T:101983   debug <general>: CAddonDatabase: metadata.generic.albums has been installed.
2026-09-10 11:17:58.651 T:101983   debug <general>: CAddonDatabase: metadata.generic.artists has been installed.
2026-09-10 11:17:58.651 T:101983   debug <general>: CAddonDatabase: metadata.local has been installed.
2026-09-10 11:17:58.651 T:101983   debug <general>: CAddonDatabase: metadata.themoviedb.org.python has been installed.
2026-09-10 11:17:58.651 T:101983   debug <general>: CAddonDatabase: metadata.tvshows.themoviedb.org.python has been installed.
2026-09-10 11:17:58.651 T:101983   debug <general>: CAddonDatabase: repository.xbmc.org has been installed.
2026-09-10 11:17:58.651 T:101983   debug <general>: CAddonDatabase: resource.images.weathericons.default has been installed.
2026-09-10 11:17:58.651 T:101983   debug <general>: CAddonDatabase: resource.language.en_gb has been installed.
2026-09-10 11:17:58.651 T:101983   debug <general>: CAddonDatabase: resource.uisounds.kodi has been installed.
2026-09-10 11:17:58.651 T:101983   debug <general>: CAddonDatabase: screensaver.xbmc.builtin.black has been installed.
2026-09-10 11:17:58.651 T:101983   debug <general>: CAddonDatabase: screensaver.xbmc.builtin.dim has been installed.
2026-09-10 11:17:58.651 T:101983   debug <general>: CAddonDatabase: script.module.pil has been installed.
2026-09-10 11:17:58.651 T:101983   debug <general>: CAddonDatabase: script.module.pycryptodome has been installed.
2026-09-10 11:17:58.651 T:101983   debug <general>: CAddonDatabase: service.xbmc.versioncheck has been installed.
2026-09-10 11:17:58.651 T:101983   debug <general>: CAddonDatabase: skin.estuary has been installed.
2026-09-10 11:17:58.651 T:101983   debug <general>: CAddonDatabase: webinterface.default has been installed.
2026-09-10 11:17:58.651 T:101983   debug <general>: CAddonDatabase: xbmc.addon has been installed.
2026-09-10 11:17:58.651 T:101983   debug <general>: CAddonDatabase: xbmc.core has been installed.
2026-09-10 11:17:58.651 T:101983   debug <general>: CAddonDatabase: xbmc.gui has been installed.
2026-09-10 11:17:58.651 T:101983   debug <general>: CAddonDatabase: xbmc.json has been installed.
2026-09-10 11:17:58.651 T:101983   debug <general>: CAddonDatabase: xbmc.metadata has been installed.
2026-09-10 11:17:58.651 T:101983   debug <general>: CAddonDatabase: xbmc.python has been installed.
2026-09-10 11:17:58.651 T:101983   debug <general>: CAddonDatabase: xbmc.webinterface has been installed.
2026-09-10 11:17:58.660 T:101983    info <general>: Addon Manager: Found addon: 'audioencoder.kodi.builtin.aac v1.0.2'
2026-09-10 11:17:58.660 T:101983    info <general>: Addon Manager: Found addon: 'audioencoder.kodi.builtin.wma v1.0.2'
2026-09-10 11:17:58.660 T:101983    info <general>: Addon Manager: Found addon: 'game.controller.default v1.0.49'
2026-09-10 11:17:58.660 T:101983    info <general>: Addon Manager: Found addon: 'game.controller.keyboard v1.1.50'
2026-09-10 11:17:58.660 T:101983    info <general>: Addon Manager: Found addon: 'game.controller.mouse v1.0.32'
2026-09-10 11:17:58.660 T:101983    info <general>: Addon Manager: Found addon: 'game.controller.snes v1.0.49'
2026-09-10 11:17:58.661 T:101983    info <general>: Addon Manager: Found addon: 'kodi.binary.global.audioengine v1.1.1'
2026-09-10 11:17:58.661 T:101983    info <general>: Addon Manager: Found addon: 'kodi.binary.global.filesystem v1.1.11'
2026-09-10 11:17:58.661 T:101983    info <general>: Addon Manager: Found addon: 'kodi.binary.global.general v1.0.5'
2026-09-10 11:17:58.661 T:101983    info <general>: Addon Manager: Found addon: 'kodi.binary.global.gui v5.15.1'
2026-09-10 11:17:58.661 T:101983    info <general>: Addon Manager: Found addon: 'kodi.binary.global.main v2.0.3'
2026-09-10 11:17:58.661 T:101983    info <general>: Addon Manager: Found addon: 'kodi.binary.global.network v1.0.4'
2026-09-10 11:17:58.661 T:101983    info <general>: Addon Manager: Found addon: 'kodi.binary.global.tools v1.0.4'
2026-09-10 11:17:58.661 T:101983    info <general>: Addon Manager: Found addon: 'kodi.binary.instance.audiodecoder v4.0.0'
2026-09-10 11:17:58.661 T:101983    info <general>: Addon Manager: Found addon: 'kodi.binary.instance.audioencoder v3.0.0'
2026-09-10 11:17:58.661 T:101983    info <general>: Addon Manager: Found addon: 'kodi.binary.instance.game v8.0.0'
2026-09-10 11:17:58.661 T:101983    info <general>: Addon Manager: Found addon: 'kodi.binary.instance.imagedecoder v3.1.0'
2026-09-10 11:17:58.661 T:101983    info <general>: Addon Manager: Found addon: 'kodi.binary.instance.inputstream v3.4.0'
2026-09-10 11:17:58.661 T:101983    info <general>: Addon Manager: Found addon: 'kodi.binary.instance.peripheral v3.0.2'
2026-09-10 11:17:58.661 T:101983    info <general>: Addon Manager: Found addon: 'kodi.binary.instance.pvr v9.2.0'
2026-09-10 11:17:58.661 T:101983    info <general>: Addon Manager: Found addon: 'kodi.binary.instance.screensaver v2.2.0'
2026-09-10 11:17:58.661 T:101983    info <general>: Addon Manager: Found addon: 'kodi.binary.instance.shaderpreset v1.1.0'
2026-09-10 11:17:58.661 T:101983    info <general>: Addon Manager: Found addon: 'kodi.binary.instance.vfs v3.0.1'
2026-09-10 11:17:58.661 T:101983    info <general>: Addon Manager: Found addon: 'kodi.binary.instance.videocodec v2.2.1'
2026-09-10 11:17:58.661 T:101983    info <general>: Addon Manager: Found addon: 'kodi.binary.instance.visualization v5.0.0'
2026-09-10 11:17:58.661 T:101983    info <general>: Addon Manager: Found addon: 'kodi.resource v1.0.0'
2026-09-10 11:17:58.662 T:101983    info <general>: Addon Manager: Found addon: 'metadata.album.universal v3.1.20'
2026-09-10 11:17:58.662 T:101983    info <general>: Addon Manager: Found addon: 'metadata.artists.universal v4.3.24'
2026-09-10 11:17:58.662 T:101983    info <general>: Addon Manager: Found addon: 'metadata.common.allmusic.com v3.2.2'
2026-09-10 11:17:58.662 T:101983    info <general>: Addon Manager: Found addon: 'metadata.common.fanart.tv v3.6.5'
2026-09-10 11:17:58.662 T:101983    info <general>: Addon Manager: Found addon: 'metadata.common.musicbrainz.org v2.2.4'
2026-09-10 11:17:58.662 T:101983    info <general>: Addon Manager: Found addon: 'metadata.common.theaudiodb.com v2.0.3'
2026-09-10 11:17:58.662 T:101983    info <general>: Addon Manager: Found addon: 'metadata.generic.albums v1.0.19'
2026-09-10 11:17:58.662 T:101983    info <general>: Addon Manager: Found addon: 'metadata.generic.artists v1.0.19'
2026-09-10 11:17:58.662 T:101983    info <general>: Addon Manager: Found addon: 'metadata.local v1.0.1'
2026-09-10 11:17:58.662 T:101983    info <general>: Addon Manager: Found addon: 'metadata.themoviedb.org.python v3.2.2'
2026-09-10 11:17:58.662 T:101983    info <general>: Addon Manager: Found addon: 'metadata.tvshows.themoviedb.org.python v2.0.7'
2026-09-10 11:17:58.662 T:101983    info <general>: Addon Manager: Found addon: 'repository.xbmc.org v3.5.0'
2026-09-10 11:17:58.662 T:101983    info <general>: Addon Manager: Found addon: 'resource.images.weathericons.default v1.1.9'
2026-09-10 11:17:58.662 T:101983    info <general>: Addon Manager: Found addon: 'resource.language.en_gb v2.0.2'
2026-09-10 11:17:58.662 T:101983    info <general>: Addon Manager: Found addon: 'resource.uisounds.kodi v1.0.1'
2026-09-10 11:17:58.662 T:101983    info <general>: Addon Manager: Found addon: 'screensaver.xbmc.builtin.black v1.0.34'
2026-09-10 11:17:58.662 T:101983    info <general>: Addon Manager: Found addon: 'screensaver.xbmc.builtin.dim v1.0.66'
2026-09-10 11:17:58.662 T:101983    info <general>: Addon Manager: Found addon: 'script.module.pil v5.1.0'
2026-09-10 11:17:58.662 T:101983    info <general>: Addon Manager: Found addon: 'script.module.pycryptodome v3.4.3'
2026-09-10 11:17:58.662 T:101983    info <general>: Addon Manager: Found addon: 'service.xbmc.versioncheck v0.5.27+matrix.1'
2026-09-10 11:17:58.663 T:101983    info <general>: Addon Manager: Found addon: 'skin.estuary v4.1.0'
2026-09-10 11:17:58.663 T:101983    info <general>: Addon Manager: Found addon: 'webinterface.default v21.x-1.0.1'
2026-09-10 11:17:58.663 T:101983    info <general>: Addon Manager: Found addon: 'xbmc.addon v21.90.802'
2026-09-10 11:17:58.663 T:101983    info <general>: Addon Manager: Found addon: 'xbmc.core v0.1.0'
2026-09-10 11:17:58.663 T:101983    info <general>: Addon Manager: Found addon: 'xbmc.gui v5.18.0'
2026-09-10 11:17:58.663 T:101983    info <general>: Addon Manager: Found addon: 'xbmc.json v13.200.0'
2026-09-10 11:17:58.663 T:101983    info <general>: Addon Manager: Found addon: 'xbmc.metadata v2.1.0'
2026-09-10 11:17:58.663 T:101983    info <general>: Addon Manager: Found addon: 'xbmc.python v3.1.0'
2026-09-10 11:17:58.663 T:101983    info <general>: Addon Manager: Found addon: 'xbmc.webinterface v1.0.0'
2026-09-10 11:17:58.664 T:101983   debug <general>: CFavourites::Load - no system favourites found, skipping
2026-09-10 11:17:58.664 T:101983   debug <general>: CFavourites::Load - no userdata favourites found, skipping
2026-09-10 11:17:58.665 T:101983   debug <general>: DBus method call to org.freedesktop.ConsoleKit.Manager.CanStop at /org/freedesktop/ConsoleKit/Manager of org.freedesktop.ConsoleKit failed: org.freedesktop.DBus.Error.ServiceUnknown - The name org.freedesktop.ConsoleKit was not provided by any .service files
2026-09-10 11:17:58.665 T:101983    info <general>: Selected Logind/UPower as PowerSyscall
2026-09-10 11:17:58.665 T:101983   error <general>: DBus error: org.freedesktop.DBus.Error.ServiceUnknown - The name org.freedesktop.UPower was not provided by any .service files
2026-09-10 11:17:58.665 T:101983    info <general>: LogindUPowerSyscall - UPower not found, battery information will not be available
2026-09-10 11:17:58.670 T:101983   debug <general>: LogindUPowerSyscall - inhibit lock taken, fd 14
2026-09-10 11:17:58.671 T:101983   debug <general>: DBus method call to org.freedesktop.UPower.EnumerateDevices at /org/freedesktop/UPower of org.freedesktop.UPower failed: org.freedesktop.DBus.Error.ServiceUnknown - The name org.freedesktop.UPower was not provided by any .service files
2026-09-10 11:17:58.671 T:101983   debug <general>: DBus method call to org.freedesktop.DBus.Peer.Ping at /org/freedesktop/UDisks2 of org.freedesktop.UDisks2 failed: org.freedesktop.DBus.Error.ServiceUnknown - The name org.freedesktop.UDisks2 was not provided by any .service files
2026-09-10 11:17:58.671 T:101983   debug <general>: DBus method call to org.freedesktop.UDisks.EnumerateDevices at /org/freedesktop/UDisks of org.freedesktop.UDisks failed: org.freedesktop.DBus.Error.ServiceUnknown - The name org.freedesktop.UDisks was not provided by any .service files
2026-09-10 11:17:58.671 T:101983   debug <general>: Selected UDev as storage provider
2026-09-10 11:17:58.672 T:101983    info <general>: IANA Language Subtag Registry: loading...
2026-09-10 11:17:58.672 T:101983    info <general>: IANA Language Subtag Registry: file /opt/rk3588-mediabox/kodi/share/kodi/system/language-subtag-registry.txt
2026-09-10 11:17:58.672 T:101983    info <general>: IANA Language Subtag Registry: registry date 2025-08-25
2026-09-10 11:17:58.753 T:101983   debug <general>: bool KODI::UTILS::I18N::CRegistryFile::Parse(CRegFile*): IANA Language Subtag Registry: file read.
2026-09-10 11:17:58.753 T:101983   debug <general>: void KODI::UTILS::I18N::CSubTagsCollection<T>::InsertDescLookupElem(std::string&&, const T&) [with T = KODI::UTILS::I18N::LanguageSubTag; std::string = std::__cxx11::basic_string<char>]: deprecated subtag [in] redefines the description [indonesian] previously defined by subtag [id] - ignored
2026-09-10 11:17:58.753 T:101983   debug <general>: void KODI::UTILS::I18N::CSubTagsCollection<T>::InsertDescLookupElem(std::string&&, const T&) [with T = KODI::UTILS::I18N::LanguageSubTag; std::string = std::__cxx11::basic_string<char>]: deprecated subtag [iw] redefines the description [hebrew] previously defined by subtag [he] - ignored
2026-09-10 11:17:58.753 T:101983   debug <general>: void KODI::UTILS::I18N::CSubTagsCollection<T>::InsertDescLookupElem(std::string&&, const T&) [with T = KODI::UTILS::I18N::LanguageSubTag; std::string = std::__cxx11::basic_string<char>]: deprecated subtag [jw] redefines the description [javanese] previously defined by subtag [jv] - ignored
2026-09-10 11:17:58.753 T:101983   debug <general>: void KODI::UTILS::I18N::CSubTagsCollection<T>::InsertDescLookupElem(std::string&&, const T&) [with T = KODI::UTILS::I18N::LanguageSubTag; std::string = std::__cxx11::basic_string<char>]: subtag [ro] redefines the description [moldavian] previously defined by deprecated subtag [mo] - overwritten
2026-09-10 11:17:58.754 T:101983   debug <general>: void KODI::UTILS::I18N::CSubTagsCollection<T>::InsertDescLookupElem(std::string&&, const T&) [with T = KODI::UTILS::I18N::LanguageSubTag; std::string = std::__cxx11::basic_string<char>]: subtag [ro] redefines the description [moldovan] previously defined by deprecated subtag [mo] - overwritten
2026-09-10 11:17:58.754 T:101983   debug <general>: void KODI::UTILS::I18N::CSubTagsCollection<T>::InsertDescLookupElem(std::string&&, const T&) [with T = KODI::UTILS::I18N::LanguageSubTag; std::string = std::__cxx11::basic_string<char>]: subtag [yi] redefines the description [yiddish] previously defined by deprecated subtag [ji] - overwritten
2026-09-10 11:17:58.754 T:101983   debug <general>: void KODI::UTILS::I18N::CSubTagsCollection<T>::InsertDescLookupElem(std::string&&, const T&) [with T = KODI::UTILS::I18N::LanguageSubTag; std::string = std::__cxx11::basic_string<char>]: subtag [bzc] redefines the description [southern betsimisaraka malagasy] previously defined by deprecated subtag [bjq] - overwritten
2026-09-10 11:17:58.755 T:101983   debug <general>: void KODI::UTILS::I18N::CSubTagsCollection<T>::InsertDescLookupElem(std::string&&, const T&) [with T = KODI::UTILS::I18N::LanguageSubTag; std::string = std::__cxx11::basic_string<char>]: subtag [dnj] redefines the description [dan] previously defined by deprecated subtag [daf] - overwritten
2026-09-10 11:17:58.755 T:101983   debug <general>: void KODI::UTILS::I18N::CSubTagsCollection<T>::InsertDescLookupElem(std::string&&, const T&) [with T = KODI::UTILS::I18N::LanguageSubTag; std::string = std::__cxx11::basic_string<char>]: subtag [dwu] redefines the description [dhuwal] previously defined by deprecated subtag [duj] - overwritten
2026-09-10 11:17:58.755 T:101983   debug <general>: void KODI::UTILS::I18N::CSubTagsCollection<T>::InsertDescLookupElem(std::string&&, const T&) [with T = KODI::UTILS::I18N::LanguageSubTag; std::string = std::__cxx11::basic_string<char>]: subtag [dze] redefines the description [djiwarli] previously defined by deprecated subtag [djl] - overwritten
2026-09-10 11:17:58.756 T:101983   debug <general>: void KODI::UTILS::I18N::CSubTagsCollection<T>::InsertDescLookupElem(std::string&&, const T&) [with T = KODI::UTILS::I18N::LanguageSubTag; std::string = std::__cxx11::basic_string<char>]: subtag [gyz] redefines the description [geji] previously defined by deprecated subtag [gji] - overwritten
2026-09-10 11:17:58.756 T:101983   debug <general>: void KODI::UTILS::I18N::CSubTagsCollection<T>::InsertDescLookupElem(std::string&&, const T&) [with T = KODI::UTILS::I18N::LanguageSubTag; std::string = std::__cxx11::basic_string<char>]: deprecated subtag [kpp] redefines the description [paku karen] previously defined by subtag [jkp] - ignored
2026-09-10 11:17:58.757 T:101983   debug <general>: void KODI::UTILS::I18N::CSubTagsCollection<T>::InsertDescLookupElem(std::string&&, const T&) [with T = KODI::UTILS::I18N::LanguageSubTag; std::string = std::__cxx11::basic_string<char>]: deprecated subtag [lno] redefines the description [lango (south sudan)] previously defined by subtag [lgo] - ignored
2026-09-10 11:17:58.758 T:101983   debug <general>: void KODI::UTILS::I18N::CSubTagsCollection<T>::InsertDescLookupElem(std::string&&, const T&) [with T = KODI::UTILS::I18N::LanguageSubTag; std::string = std::__cxx11::basic_string<char>]: subtag [nrk] redefines the description [ngarla] previously defined by deprecated subtag [nlr] - overwritten
2026-09-10 11:17:58.758 T:101983   debug <general>: void KODI::UTILS::I18N::CSubTagsCollection<T>::InsertDescLookupElem(std::string&&, const T&) [with T = KODI::UTILS::I18N::LanguageSubTag; std::string = std::__cxx11::basic_string<char>]: subtag [nxq] redefines the description [naxi] previously defined by deprecated subtag [nbf] - overwritten
2026-09-10 11:17:58.758 T:101983   debug <general>: void KODI::UTILS::I18N::CSubTagsCollection<T>::InsertDescLookupElem(std::string&&, const T&) [with T = KODI::UTILS::I18N::LanguageSubTag; std::string = std::__cxx11::basic_string<char>]: subtag [prf] redefines the description [paranan] previously defined by deprecated subtag [agp] - overwritten
2026-09-10 11:17:58.759 T:101983   debug <general>: void KODI::UTILS::I18N::CSubTagsCollection<T>::InsertDescLookupElem(std::string&&, const T&) [with T = KODI::UTILS::I18N::LanguageSubTag; std::string = std::__cxx11::basic_string<char>]: deprecated subtag [rmr] redefines the description [caló] previously defined by subtag [rmq] - ignored
2026-09-10 11:17:58.759 T:101983   debug <general>: void KODI::UTILS::I18N::CSubTagsCollection<T>::InsertDescLookupElem(std::string&&, const T&) [with T = KODI::UTILS::I18N::LanguageSubTag; std::string = std::__cxx11::basic_string<char>]: subtag [sdq] redefines the description [semandang] previously defined by deprecated subtag [sdm] - overwritten
2026-09-10 11:17:58.759 T:101983   debug <general>: void KODI::UTILS::I18N::CSubTagsCollection<T>::InsertDescLookupElem(std::string&&, const T&) [with T = KODI::UTILS::I18N::LanguageSubTag; std::string = std::__cxx11::basic_string<char>]: subtag [spn] redefines the description [sanapaná] previously defined by deprecated subtag [sap] - overwritten
2026-09-10 11:17:58.759 T:101983   debug <general>: void KODI::UTILS::I18N::CSubTagsCollection<T>::InsertDescLookupElem(std::string&&, const T&) [with T = KODI::UTILS::I18N::LanguageSubTag; std::string = std::__cxx11::basic_string<char>]: deprecated subtag [sul] redefines the description [surigaonon] previously defined by subtag [sgd] - ignored
2026-09-10 11:17:58.760 T:101983   debug <general>: void KODI::UTILS::I18N::CSubTagsCollection<T>::InsertDescLookupElem(std::string&&, const T&) [with T = KODI::UTILS::I18N::LanguageSubTag; std::string = std::__cxx11::basic_string<char>]: subtag [tvu] redefines the description [tunen] previously defined by deprecated subtag [baz] - overwritten
2026-09-10 11:17:58.760 T:101983   debug <general>: void KODI::UTILS::I18N::CSubTagsCollection<T>::InsertDescLookupElem(std::string&&, const T&) [with T = KODI::UTILS::I18N::LanguageSubTag; std::string = std::__cxx11::basic_string<char>]: subtag [uki] redefines the description [kui (india)] previously defined by deprecated subtag [kxu] - overwritten
2026-09-10 11:17:58.760 T:101983   debug <general>: void KODI::UTILS::I18N::CSubTagsCollection<T>::InsertDescLookupElem(std::string&&, const T&) [with T = KODI::UTILS::I18N::LanguageSubTag; std::string = std::__cxx11::basic_string<char>]: deprecated subtag [wgw] redefines the description [wagawaga] previously defined by subtag [wgb] - ignored
2026-09-10 11:17:58.760 T:101983   debug <general>: void KODI::UTILS::I18N::CSubTagsCollection<T>::InsertDescLookupElem(std::string&&, const T&) [with T = KODI::UTILS::I18N::LanguageSubTag; std::string = std::__cxx11::basic_string<char>]: deprecated subtag [wiw] redefines the description [wirangu] previously defined by subtag [wgu] - ignored
2026-09-10 11:17:58.760 T:101983   debug <general>: void KODI::UTILS::I18N::CSubTagsCollection<T>::InsertDescLookupElem(std::string&&, const T&) [with T = KODI::UTILS::I18N::LanguageSubTag; std::string = std::__cxx11::basic_string<char>]: subtag [wnw] redefines the description [wintu] previously defined by deprecated subtag [wit] - overwritten
2026-09-10 11:17:58.760 T:101983   debug <general>: void KODI::UTILS::I18N::CSubTagsCollection<T>::InsertDescLookupElem(std::string&&, const T&) [with T = KODI::UTILS::I18N::LanguageSubTag; std::string = std::__cxx11::basic_string<char>]: subtag [wyn] redefines the description [wyandot] previously defined by deprecated subtag [wya] - overwritten
2026-09-10 11:17:58.760 T:101983   debug <general>: void KODI::UTILS::I18N::CSubTagsCollection<T>::InsertDescLookupElem(std::string&&, const T&) [with T = KODI::UTILS::I18N::LanguageSubTag; std::string = std::__cxx11::basic_string<char>]: subtag [xch] redefines the description [chimakum] previously defined by deprecated subtag [cmk] - overwritten
2026-09-10 11:17:58.760 T:101983   debug <general>: void KODI::UTILS::I18N::CSubTagsCollection<T>::InsertDescLookupElem(std::string&&, const T&) [with T = KODI::UTILS::I18N::LanguageSubTag; std::string = std::__cxx11::basic_string<char>]: subtag [ynq] redefines the description [yendang] previously defined by deprecated subtag [yen] - overwritten
2026-09-10 11:17:58.761 T:101983   debug <general>: void KODI::UTILS::I18N::CSubTagsCollection<T>::InsertDescLookupElem(std::string&&, const T&) [with T = KODI::UTILS::I18N::LanguageSubTag; std::string = std::__cxx11::basic_string<char>]: subtag [yyr] redefines the description [yir yoront] previously defined by deprecated subtag [yiy] - overwritten
2026-09-10 11:17:58.761 T:101983   debug <general>: void KODI::UTILS::I18N::CSubTagsCollection<T>::InsertDescLookupElem(std::string&&, const T&) [with T = KODI::UTILS::I18N::LanguageSubTag; std::string = std::__cxx11::basic_string<char>]: deprecated subtag [zua] redefines the description [zeem] previously defined by subtag [zem] - ignored
2026-09-10 11:17:58.762 T:101983   debug <general>: void KODI::UTILS::I18N::CSubTagsCollection<T>::InsertDescLookupElem(std::string&&, const T&) [with T = KODI::UTILS::I18N::GrandfatheredTag; std::string = std::__cxx11::basic_string<char>]: deprecated subtag [zh-hakka] redefines the description [hakka] previously defined by deprecated subtag [i-hak] - ignored
2026-09-10 11:17:58.762 T:101983   debug <general>: void KODI::UTILS::I18N::CSubTagsCollection<T>::InsertDescLookupElem(std::string&&, const T&) [with T = KODI::UTILS::I18N::GrandfatheredTag; std::string = std::__cxx11::basic_string<char>]: deprecated subtag [zh-min-nan] redefines the description [hokkien] previously defined by deprecated subtag [zh-min] - ignored
2026-09-10 11:17:58.762 T:101983   debug <general>: void KODI::UTILS::I18N::CSubTagsCollection<T>::InsertDescLookupElem(std::string&&, const T&) [with T = KODI::UTILS::I18N::GrandfatheredTag; std::string = std::__cxx11::basic_string<char>]: deprecated subtag [zh-min-nan] redefines the description [amoy] previously defined by deprecated subtag [zh-min] - ignored
2026-09-10 11:17:58.762 T:101983   debug <general>: void KODI::UTILS::I18N::CSubTagsCollection<T>::InsertDescLookupElem(std::string&&, const T&) [with T = KODI::UTILS::I18N::GrandfatheredTag; std::string = std::__cxx11::basic_string<char>]: deprecated subtag [zh-min-nan] redefines the description [taiwanese] previously defined by deprecated subtag [zh-min] - ignored
2026-09-10 11:17:58.762 T:101983    info <general>: IANA Language Subtag Registry: 9281 records loaded
2026-09-10 11:17:58.764 T:101983    info <general>: CKeyboardLayoutManager: loading keyboard layouts from special://xbmc/system/keyboardlayouts...
2026-09-10 11:17:58.764 T:101983   debug <general>: CKeyboardLayoutManager: keyboard layout "Persian QWERTY" successfully loaded
2026-09-10 11:17:58.764 T:101983   debug <general>: CKeyboardLayoutManager: keyboard layout "Thai Kedmanee" successfully loaded
2026-09-10 11:17:58.765 T:101983   debug <general>: CKeyboardLayoutManager: keyboard layout "German QWERTZ" successfully loaded
2026-09-10 11:17:58.765 T:101983   debug <general>: CKeyboardLayoutManager: keyboard layout "German ABC" successfully loaded
2026-09-10 11:17:58.765 T:101983   debug <general>: CKeyboardLayoutManager: keyboard layout "Lithuanian AZERTY" successfully loaded
2026-09-10 11:17:58.765 T:101983   debug <general>: CKeyboardLayoutManager: keyboard layout "Lithuanian QWERTY" successfully loaded
2026-09-10 11:17:58.765 T:101983   debug <general>: CKeyboardLayoutManager: keyboard layout "French AZERTY" successfully loaded
2026-09-10 11:17:58.765 T:101983   debug <general>: CKeyboardLayoutManager: keyboard layout "Turkish QWERTY" successfully loaded
2026-09-10 11:17:58.765 T:101983   debug <general>: CKeyboardLayoutManager: keyboard layout "Spanish QWERTY" successfully loaded
2026-09-10 11:17:58.765 T:101983   debug <general>: CKeyboardLayoutManager: keyboard layout "Arabic QWERTY" successfully loaded
2026-09-10 11:17:58.765 T:101983   debug <general>: CKeyboardLayoutManager: keyboard layout "Slovak QWERTZ" successfully loaded
2026-09-10 11:17:58.765 T:101983   debug <general>: CKeyboardLayoutManager: keyboard layout "Slovak QWERTY" successfully loaded
2026-09-10 11:17:58.765 T:101983   debug <general>: CKeyboardLayoutManager: keyboard layout "Slovak ABC" successfully loaded
2026-09-10 11:17:58.766 T:101983   debug <general>: CKeyboardLayoutManager: keyboard layout "Norwegian QWERTY" successfully loaded
2026-09-10 11:17:58.766 T:101983   debug <general>: CKeyboardLayoutManager: keyboard layout "Korean ㄱㄴㄷ" successfully loaded
2026-09-10 11:17:58.766 T:101983   debug <general>: CKeyboardLayoutManager: keyboard layout "Polish QWERTY" successfully loaded
2026-09-10 11:17:58.766 T:101983   debug <general>: CKeyboardLayoutManager: keyboard layout "Greek QWERTY" successfully loaded
2026-09-10 11:17:58.766 T:101983   debug <general>: CKeyboardLayoutManager: keyboard layout "Estonian QWERTY" successfully loaded
2026-09-10 11:17:58.766 T:101983   debug <general>: CKeyboardLayoutManager: keyboard layout "Czech QWERTZ" successfully loaded
2026-09-10 11:17:58.766 T:101983   debug <general>: CKeyboardLayoutManager: keyboard layout "Swedish QWERTY" successfully loaded
2026-09-10 11:17:58.766 T:101983   debug <general>: CKeyboardLayoutManager: keyboard layout "Portuguese (Brazil) QWERTY" successfully loaded
2026-09-10 11:17:58.766 T:101983   debug <general>: CKeyboardLayoutManager: keyboard layout "Portuguese (Portugal) QWERTY" successfully loaded
2026-09-10 11:17:58.767 T:101983   debug <general>: CKeyboardLayoutManager: keyboard layout "Slovenian QWERTZ" successfully loaded
2026-09-10 11:17:58.768 T:101983   debug <general>: CKeyboardLayoutManager: keyboard layout "English QWERTY" successfully loaded
2026-09-10 11:17:58.768 T:101983   debug <general>: CKeyboardLayoutManager: keyboard layout "English AZERTY" successfully loaded
2026-09-10 11:17:58.768 T:101983   debug <general>: CKeyboardLayoutManager: keyboard layout "English ABC" successfully loaded
2026-09-10 11:17:58.769 T:101983   debug <general>: CKeyboardLayoutManager: keyboard layout "Bulgarian ЯВЕРТЪ" successfully loaded
2026-09-10 11:17:58.769 T:101983   debug <general>: CKeyboardLayoutManager: keyboard layout "Bulgarian АБВ" successfully loaded
2026-09-10 11:17:58.769 T:101983   debug <general>: CKeyboardLayoutManager: keyboard layout "Ukrainian ЙЦУКЕН" successfully loaded
2026-09-10 11:17:58.769 T:101983   debug <general>: CKeyboardLayoutManager: keyboard layout "Ukrainian АБВ" successfully loaded
2026-09-10 11:17:58.770 T:101983   debug <general>: CKeyboardLayoutManager: keyboard layout "Hungarian QWERTZ" successfully loaded
2026-09-10 11:17:58.770 T:101983   debug <general>: CKeyboardLayoutManager: keyboard layout "Russian ЙЦУКЕН" successfully loaded
2026-09-10 11:17:58.771 T:101983   debug <general>: CKeyboardLayoutManager: keyboard layout "Russian АБВ" successfully loaded
2026-09-10 11:17:58.771 T:101983   debug <general>: CKeyboardLayoutManager: keyboard layout "Chinese BasePY" successfully loaded
2026-09-10 11:17:58.772 T:101983   debug <general>: CKeyboardLayoutManager: keyboard layout "Italian QWERTY" successfully loaded
2026-09-10 11:17:58.772 T:101983   debug <general>: CKeyboardLayoutManager: keyboard layout "Italian ABC" successfully loaded
2026-09-10 11:17:58.772 T:101983   debug <general>: CKeyboardLayoutManager: keyboard layout "Hebrew QWERTY" successfully loaded
2026-09-10 11:17:58.772 T:101983   debug <general>: CKeyboardLayoutManager: keyboard layout "Hebrew ABC" successfully loaded
2026-09-10 11:17:58.773 T:101983   debug <general>: CKeyboardLayoutManager: keyboard layout "Romanian QWERTY" successfully loaded
2026-09-10 11:17:58.773 T:101983   debug <general>: CKeyboardLayoutManager: keyboard layout "Icelandic QWERTY" successfully loaded
2026-09-10 11:17:58.774 T:101983   debug <general>: CKeyboardLayoutManager: keyboard layout "Silesian QWERTY" successfully loaded
2026-09-10 11:17:58.774 T:101983   debug <general>: CKeyboardLayoutManager: keyboard layout "Danish QWERTY" successfully loaded
2026-09-10 11:17:58.775 T:101983   debug <general>: CKeyboardLayoutManager: keyboard layout "Croatian QWERTY" successfully loaded
2026-09-10 11:17:58.775 T:101983   debug <general>: CApplication::CreateGUI - trying to init gbm windowing system
2026-09-10 11:17:59.121 T:101983   debug <general>: [xkb] Compiling from RMLVO: rules 'evdev', model 'pc105', layout 'us', variant '(null)', options '(null)'
2026-09-10 11:17:59.122 T:101983   debug <general>: [xkb] Compiling from KcCGST: keycodes 'evdev+aliases(qwerty)', types 'complete', compat 'complete', symbols 'pc+us+inet(evdev)'
2026-09-10 11:17:59.122 T:101983   debug <general>: [xkb] Compiling xkb_keycodes "(unnamed)"
2026-09-10 11:17:59.122 T:101983   debug <general>: [xkb] Compiling xkb_types "(unnamed)"
2026-09-10 11:17:59.123 T:101983   debug <general>: [xkb] Compiling xkb_compatibility "(unnamed)"
2026-09-10 11:17:59.123 T:101983   debug <general>: [xkb] The "group" statement in compat is unsupported; Ignored
2026-09-10 11:17:59.123 T:101983    info <general>: Skipped 2 duplicate messages..
2026-09-10 11:17:59.123 T:101983   debug <general>: [xkb] The "allowExplicit" field in indicator statements is unsupported; Ignored
2026-09-10 11:17:59.123 T:101983    info <general>: Skipped 3 duplicate messages..
2026-09-10 11:17:59.123 T:101983   debug <general>: [xkb] The "indicatorDrivesKeyboard" field in indicator statements is unsupported; Ignored
2026-09-10 11:17:59.124 T:101983   debug <general>: [xkb] The "allowExplicit" field in indicator statements is unsupported; Ignored
2026-09-10 11:17:59.124 T:101983   debug <general>: [xkb] Indicator name "Shift Lock" was not declared in the keycodes section; Adding new indicator
2026-09-10 11:17:59.124 T:101983   debug <general>: [xkb] Indicator name "Group 2" was not declared in the keycodes section; Adding new indicator
2026-09-10 11:17:59.124 T:101983   debug <general>: [xkb] Indicator name "Mouse Keys" was not declared in the keycodes section; Adding new indicator
2026-09-10 11:17:59.124 T:101983   debug <general>: [xkb] Compiling xkb_symbols "(unnamed)"
2026-09-10 11:17:59.129 T:101983   debug <general>: [xkb] created compose table from locale C with path /usr/share/X11/locale/en_US.UTF-8/Compose
2026-09-10 11:17:59.134 T:101989   debug <general>: Thread libinput start, auto delete: false
2026-09-10 11:17:59.134 T:101983   debug <general>: [threads] name: 'libinput' priority: '1'
2026-09-10 11:17:59.134 T:101983    info <general>: RetroPlayer[RENDER]: Registering renderer factory for DMAOpenGLES
2026-09-10 11:17:59.134 T:101983    info <general>: RetroPlayer[RENDER]: Registering renderer factory for OpenGLES
2026-09-10 11:17:59.134 T:101983   debug <general>: bool KODI::WINDOWING::GBM::CDRMUtils::OpenDrm(bool): drm devices found: 2
2026-09-10 11:17:59.136 T:101983    info <general>: bool KODI::WINDOWING::GBM::CDRMUtils::FindConnector(): Using connector: HDMI-A-1
2026-09-10 11:17:59.136 T:101983   debug <general>: bool KODI::WINDOWING::GBM::CDRMUtils::OpenDrm(bool): Opened device: /dev/dri/card0
2026-09-10 11:17:59.136 T:101983   debug <general>: void KODI::WINDOWING::GBM::CDRMUtils::PrintDrmDeviceInfo(drmDevicePtr): DRM Device Info:
                                                     available_nodes: 0x05
                                                     nodes:
                                                       nodes[0]: /dev/dri/card0
                                                       nodes[2]: /dev/dri/renderD128
                                                     bustype: 0x02
                                                       platform:
                                                         fullname: /display-subsystem
2026-09-10 11:17:59.136 T:101983   debug <general>: bool KODI::WINDOWING::GBM::CDRMUtils::OpenDrm(bool): Opened render node: /dev/dri/renderD128
2026-09-10 11:17:59.137 T:101983    info <general>: bool KODI::WINDOWING::GBM::CDRMUtils::FindConnector(): Using connector: HDMI-A-1
2026-09-10 11:17:59.137 T:101983    info <general>: bool KODI::WINDOWING::GBM::CDRMUtils::FindEncoder(): Using encoder: 200
2026-09-10 11:17:59.137 T:101983   debug <general>: bool KODI::WINDOWING::GBM::CDRMUtils::FindCrtc(): Original crtc id: 89, mode: 3840x2560 @ 50 Hz
2026-09-10 11:17:59.137 T:101983   debug <general>: virtual bool KODI::WINDOWING::GBM::CDRMAtomic::InitDrm(): initialized atomic DRM
2026-09-10 11:17:59.138 T:101983 warning <general>: [display-info] EDID parser warnings:
2026-09-10 11:17:59.138 T:101983 warning <general>: [display-info] ----------------------------------------------
2026-09-10 11:17:59.138 T:101983 warning <general>: [display-info] Block 0, Base EDID:
2026-09-10 11:17:59.138 T:101983 warning <general>: [display-info]   Display Range Limits: Range offset flags are unsupported in EDID 1.3.
2026-09-10 11:17:59.138 T:101983 warning <general>: [display-info] 
2026-09-10 11:17:59.138 T:101983 warning <general>: [display-info] ----------------------------------------------
2026-09-10 11:17:59.138 T:101983    info <general>: [display-info] make: 'PNP(BNQ)' model: 'BenQ RD280UG'
2026-09-10 11:17:59.138 T:101983    info <general>: [display-info] supports hdr static metadata type1: true
2026-09-10 11:17:59.138 T:101983    info <general>: [display-info] supported eotf:
2026-09-10 11:17:59.138 T:101983    info <general>: [display-info]   traditional sdr: true
2026-09-10 11:17:59.138 T:101983    info <general>: [display-info]   traditional hdr: false
2026-09-10 11:17:59.138 T:101983    info <general>: [display-info]   pq:              true
2026-09-10 11:17:59.138 T:101983    info <general>: [display-info]   hlg:             false
2026-09-10 11:17:59.138 T:101983    info <general>: [display-info] luma min: '0.08794223' avg: '417.7095' max: '417.7095'
2026-09-10 11:17:59.138 T:101983    info <general>: [display-info] supported colorimetry:
2026-09-10 11:17:59.138 T:101983    info <general>: [display-info]   xvycc_601:   false
2026-09-10 11:17:59.138 T:101983    info <general>: [display-info]   xvycc_709:   false
2026-09-10 11:17:59.138 T:101983    info <general>: [display-info]   sycc_601:    false
2026-09-10 11:17:59.138 T:101983    info <general>: [display-info]   opycc_601:   false
2026-09-10 11:17:59.138 T:101983    info <general>: [display-info]   oprgb:       false
2026-09-10 11:17:59.138 T:101983    info <general>: [display-info]   bt2020_cycc: false
2026-09-10 11:17:59.138 T:101983    info <general>: [display-info]   bt2020_ycc:  true
2026-09-10 11:17:59.138 T:101983    info <general>: [display-info]   bt2020_rgb:  true
2026-09-10 11:17:59.138 T:101983    info <general>: [display-info]   st2113_rgb:  false
2026-09-10 11:17:59.138 T:101983    info <general>: [display-info]   ictcp:       false
2026-09-10 11:17:59.138 T:101983   debug <general>: MP2COLOR where=SetColorimetry:enter:null gui_plane=-/- video_plane=-/- yuv_scanout=0 colorimetry=Default eotf=0 gui[COLOR_ENCODING=- COLOR_RANGE=-] video[COLOR_ENCODING=- COLOR_RANGE=-] conn[Colorspace=2 color_depth=0 max_bpc=absent HDR_OUTPUT_METADATA=0] crtc=89
2026-09-10 11:17:59.138 T:101983   debug <general>: std::optional<bool> KODI::WINDOWING::GBM::CWinSystemGbm::RequestRgbOutput(bool): requesting output pixel format "rgb" (0)
2026-09-10 11:17:59.138 T:101983   debug <general>: virtual void KODI::WINDOWING::GBM::CWinSystemGbm::SetColorimetry(const VideoPicture*): setting connector colorspace to Default (source Default)
2026-09-10 11:17:59.138 T:101983   debug <general>: MP2COLOR where=SetColorimetry:exit gui_plane=-/- video_plane=-/- yuv_scanout=0 colorimetry=Default eotf=0 gui[COLOR_ENCODING=- COLOR_RANGE=-] video[COLOR_ENCODING=- COLOR_RANGE=-] conn[Colorspace=2 color_depth=0 max_bpc=absent HDR_OUTPUT_METADATA=0] crtc=89
2026-09-10 11:17:59.138 T:101983   debug <general>: MP2COLOR where=SetHDR:enter:null gui_plane=-/- video_plane=-/- yuv_scanout=0 colorimetry=Default eotf=0 gui[COLOR_ENCODING=- COLOR_RANGE=-] video[COLOR_ENCODING=- COLOR_RANGE=-] conn[Colorspace=2 color_depth=0 max_bpc=absent HDR_OUTPUT_METADATA=0] crtc=89
2026-09-10 11:17:59.138 T:101983   debug <general>: virtual bool KODI::WINDOWING::GBM::CWinSystemGbm::SetHDR(const VideoPicture*): clearing HDR_OUTPUT_METADATA
2026-09-10 11:17:59.138 T:101983   debug <general>: void KODI::WINDOWING::GBM::CWinSystemGbm::SetDeepColor(bool): no "max bpc" property; setting color_depth to Automatic
2026-09-10 11:17:59.138 T:101983   debug <general>: MP2COLOR where=SetHDR:exit:cleared gui_plane=-/- video_plane=-/- yuv_scanout=0 colorimetry=Default eotf=0 gui[COLOR_ENCODING=- COLOR_RANGE=-] video[COLOR_ENCODING=- COLOR_RANGE=-] conn[Colorspace=2 color_depth=0 max_bpc=absent HDR_OUTPUT_METADATA=0] crtc=89
2026-09-10 11:17:59.138 T:101983   debug <general>: MP2COLOR where=SetHDR:enter:null gui_plane=-/- video_plane=-/- yuv_scanout=0 colorimetry=Default eotf=0 gui[COLOR_ENCODING=- COLOR_RANGE=-] video[COLOR_ENCODING=- COLOR_RANGE=-] conn[Colorspace=2 color_depth=0 max_bpc=absent HDR_OUTPUT_METADATA=0] crtc=89
2026-09-10 11:17:59.138 T:101983   debug <general>: virtual bool KODI::WINDOWING::GBM::CWinSystemGbm::SetHDR(const VideoPicture*): clearing HDR_OUTPUT_METADATA
2026-09-10 11:17:59.138 T:101983   debug <general>: void KODI::WINDOWING::GBM::CWinSystemGbm::SetDeepColor(bool): no "max bpc" property; setting color_depth to Automatic
2026-09-10 11:17:59.138 T:101983   debug <general>: MP2COLOR where=SetHDR:exit:cleared gui_plane=-/- video_plane=-/- yuv_scanout=0 colorimetry=Default eotf=0 gui[COLOR_ENCODING=- COLOR_RANGE=-] video[COLOR_ENCODING=- COLOR_RANGE=-] conn[Colorspace=2 color_depth=0 max_bpc=absent HDR_OUTPUT_METADATA=0] crtc=89
2026-09-10 11:17:59.138 T:101983   debug <general>: CWinSystemGbm::InitWindowSystem - initialized DRM
2026-09-10 11:17:59.138 T:101983    info <general>: Found resolution 3840x2560 with 3840x2560 @ 49.980923 Hz
2026-09-10 11:17:59.138 T:101983    info <general>: Found resolution 3840x2160 with 3840x2160 @ 120.000000 Hz
2026-09-10 11:17:59.138 T:101983    info <general>: Found resolution 3840x2160 with 3840x2160 @ 60.000000 Hz
2026-09-10 11:17:59.138 T:101983    info <general>: Found resolution 3840x2160 with 3840x2160 @ 59.940102 Hz
2026-09-10 11:17:59.138 T:101983    info <general>: Found resolution 3840x2160 with 3840x2160 @ 50.000000 Hz
2026-09-10 11:17:59.138 T:101983    info <general>: Found resolution 3840x2160 with 3840x2160 @ 30.000000 Hz
2026-09-10 11:17:59.138 T:101983    info <general>: Found resolution 3840x2160 with 3840x2160 @ 29.969999 Hz
2026-09-10 11:17:59.138 T:101983    info <general>: Found resolution 3840x2160 with 3840x2160 @ 25.000000 Hz
2026-09-10 11:17:59.138 T:101983    info <general>: Found resolution 3840x2160 with 3840x2160 @ 24.000000 Hz
2026-09-10 11:17:59.138 T:101983    info <general>: Found resolution 3840x2160 with 3840x2160 @ 23.976000 Hz
2026-09-10 11:17:59.138 T:101983    info <general>: Found resolution 2560x1440 with 2560x1440 @ 59.950550 Hz
2026-09-10 11:17:59.138 T:101983    info <general>: Found resolution 1920x1200 with 1920x1200 @ 59.950172 Hz
2026-09-10 11:17:59.138 T:101983    info <general>: Found resolution 1920x1080 with 1920x1080 @ 120.000000 Hz
2026-09-10 11:17:59.138 T:101983    info <general>: Found resolution 1920x1080 with 1920x1080 @ 119.879997 Hz
2026-09-10 11:17:59.138 T:101983    info <general>: Found resolution 1920x1080 with 1920x1080i @ 120.000000 Hz
2026-09-10 11:17:59.138 T:101983    info <general>: Found resolution 1920x1080 with 1920x1080i @ 119.880402 Hz
2026-09-10 11:17:59.138 T:101983    info <general>: Found resolution 1920x1080 with 1920x1080 @ 100.000000 Hz
2026-09-10 11:17:59.138 T:101983    info <general>: Found resolution 1920x1080 with 1920x1080i @ 100.000000 Hz
2026-09-10 11:17:59.138 T:101983    info <general>: Found resolution 1920x1080 with 1920x1080 @ 60.000000 Hz
2026-09-10 11:17:59.138 T:101983    info <general>: Found resolution 1920x1080 with 1920x1080 @ 59.940201 Hz
2026-09-10 11:17:59.138 T:101983    info <general>: Found resolution 1920x1080 with 1920x1080i @ 60.000000 Hz
2026-09-10 11:17:59.138 T:101983    info <general>: Found resolution 1920x1080 with 1920x1080i @ 59.940201 Hz
2026-09-10 11:17:59.138 T:101983    info <general>: Found resolution 1920x1080 with 1920x1080 @ 50.000000 Hz
2026-09-10 11:17:59.138 T:101983    info <general>: Found resolution 1920x1080 with 1920x1080i @ 50.000000 Hz
2026-09-10 11:17:59.138 T:101983    info <general>: Found resolution 1920x1080 with 1920x1080 @ 30.000000 Hz
2026-09-10 11:17:59.138 T:101983    info <general>: Found resolution 1920x1080 with 1920x1080 @ 29.970100 Hz
2026-09-10 11:17:59.138 T:101983    info <general>: Found resolution 1920x1080 with 1920x1080 @ 25.000000 Hz
2026-09-10 11:17:59.138 T:101983    info <general>: Found resolution 1920x1080 with 1920x1080 @ 24.000000 Hz
2026-09-10 11:17:59.138 T:101983    info <general>: Found resolution 1920x1080 with 1920x1080 @ 23.976080 Hz
2026-09-10 11:17:59.138 T:101983    info <general>: Found resolution 1680x1050 with 1680x1050 @ 59.883251 Hz
2026-09-10 11:17:59.138 T:101983    info <general>: Found resolution 1600x900 with 1600x900 @ 60.000000 Hz
2026-09-10 11:17:59.138 T:101983    info <general>: Found resolution 1280x1024 with 1280x1024 @ 75.024673 Hz
2026-09-10 11:17:59.138 T:101983    info <general>: Found resolution 1280x1024 with 1280x1024 @ 60.019741 Hz
2026-09-10 11:17:59.138 T:101983    info <general>: Found resolution 1440x900 with 1440x900 @ 59.901459 Hz
2026-09-10 11:17:59.138 T:101983    info <general>: Found resolution 1280x960 with 1280x960 @ 60.000000 Hz
2026-09-10 11:17:59.138 T:101983    info <general>: Found resolution 1280x800 with 1280x800 @ 59.909546 Hz
2026-09-10 11:17:59.138 T:101983    info <general>: Found resolution 1152x864 with 1152x864 @ 75.000000 Hz
2026-09-10 11:17:59.138 T:101983    info <general>: Found resolution 1280x720 with 1280x720 @ 60.000000 Hz
2026-09-10 11:17:59.138 T:101983    info <general>: Found resolution 1280x720 with 1280x720 @ 59.940201 Hz
2026-09-10 11:17:59.138 T:101983    info <general>: Found resolution 1280x720 with 1280x720 @ 50.000000 Hz
2026-09-10 11:17:59.138 T:101983    info <general>: Found resolution 1024x768 with 1024x768 @ 75.028580 Hz
2026-09-10 11:17:59.138 T:101983    info <general>: Found resolution 1024x768 with 1024x768 @ 60.003841 Hz
2026-09-10 11:17:59.138 T:101983    info <general>: Found resolution 832x624 with 832x624 @ 74.551270 Hz
2026-09-10 11:17:59.138 T:101983    info <general>: Found resolution 800x600 with 800x600 @ 75.000000 Hz
2026-09-10 11:17:59.138 T:101983    info <general>: Found resolution 800x600 with 800x600 @ 60.316540 Hz
2026-09-10 11:17:59.138 T:101983    info <general>: Found resolution 720x576 with 720x576 @ 50.000000 Hz
2026-09-10 11:17:59.138 T:101983    info <general>: Found resolution 720x480 with 720x480 @ 60.000000 Hz
2026-09-10 11:17:59.138 T:101983    info <general>: Found resolution 720x480 with 720x480 @ 59.940060 Hz
2026-09-10 11:17:59.138 T:101983    info <general>: Found resolution 640x480 with 640x480 @ 75.000000 Hz
2026-09-10 11:17:59.138 T:101983    info <general>: Found resolution 640x480 with 640x480 @ 60.000000 Hz
2026-09-10 11:17:59.138 T:101983    info <general>: Found resolution 640x480 with 640x480 @ 59.940475 Hz
2026-09-10 11:17:59.138 T:101983    info <general>: Found resolution 720x400 with 720x400 @ 70.081665 Hz
2026-09-10 11:17:59.141 T:101983    info <general>: EGL_VERSION = 1.5 Valhall-"g24p0-00eac0"
2026-09-10 11:17:59.141 T:101983    info <general>: EGL_VENDOR = ARM
2026-09-10 11:17:59.141 T:101983    info <general>: EGL_EXTENSIONS = EGL_NV_context_priority_realtime EGL_KHR_partial_update EGL_KHR_config_attribs EGL_KHR_image EGL_KHR_image_base EGL_KHR_fence_sync EGL_KHR_wait_sync EGL_KHR_gl_colorspace EGL_KHR_get_all_proc_addresses EGL_IMG_context_priority EGL_KHR_no_config_context EGL_EXT_image_dma_buf_import EGL_EXT_image_dma_buf_import_modifiers EGL_EXT_yuv_surface EGL_EXT_pixel_format_float EGL_ARM_pixmap_multisample_discard EGL_ANDROID_native_fence_sync EGL_KHR_gl_texture_2D_image EGL_KHR_gl_texture_3D_image EGL_KHR_gl_renderbuffer_image EGL_KHR_create_context EGL_KHR_surfaceless_context EGL_KHR_gl_texture_cubemap_image EGL_EXT_image_gl_colorspace EGL_EXT_create_context_robustness
2026-09-10 11:17:59.141 T:101983    info <general>: EGL_CLIENT_EXTENSIONS = EGL_EXT_client_extensions EGL_EXT_platform_base EGL_KHR_client_get_all_proc_addresses EGL_KHR_platform_gbm
2026-09-10 11:17:59.141 T:101983   debug <general>: EGL Config Attributes:
2026-09-10 11:17:59.141 T:101983   debug <general>:   EGL_BUFFER_SIZE: 32
2026-09-10 11:17:59.141 T:101983   debug <general>:   EGL_ALPHA_SIZE: 8
2026-09-10 11:17:59.141 T:101983   debug <general>:   EGL_BLUE_SIZE: 8
2026-09-10 11:17:59.141 T:101983   debug <general>:   EGL_GREEN_SIZE: 8
2026-09-10 11:17:59.141 T:101983   debug <general>:   EGL_RED_SIZE: 8
2026-09-10 11:17:59.141 T:101983   debug <general>:   EGL_DEPTH_SIZE: 24
2026-09-10 11:17:59.141 T:101983   debug <general>:   EGL_STENCIL_SIZE: 0
2026-09-10 11:17:59.141 T:101983   debug <general>:   EGL_CONFIG_CAVEAT: 0x3038
2026-09-10 11:17:59.141 T:101983   debug <general>:   EGL_CONFIG_ID: 2
2026-09-10 11:17:59.141 T:101983   debug <general>:   EGL_LEVEL: 0
2026-09-10 11:17:59.141 T:101983   debug <general>:   EGL_MAX_PBUFFER_HEIGHT: 16383
2026-09-10 11:17:59.141 T:101983   debug <general>:   EGL_MAX_PBUFFER_PIXELS: 268402689
2026-09-10 11:17:59.141 T:101983   debug <general>:   EGL_MAX_PBUFFER_WIDTH: 16383
2026-09-10 11:17:59.141 T:101983   debug <general>:   EGL_NATIVE_RENDERABLE: 0
2026-09-10 11:17:59.141 T:101983   debug <general>:   EGL_NATIVE_VISUAL_ID: 875713089
2026-09-10 11:17:59.141 T:101983   debug <general>:   EGL_NATIVE_VISUAL_TYPE: -1
2026-09-10 11:17:59.141 T:101983   debug <general>:   EGL_SAMPLES: 0
2026-09-10 11:17:59.141 T:101983   debug <general>:   EGL_SAMPLE_BUFFERS: 0
2026-09-10 11:17:59.141 T:101983   debug <general>:   EGL_SURFACE_TYPE: 1029
2026-09-10 11:17:59.141 T:101983   debug <general>:   EGL_TRANSPARENT_TYPE: 0x3038
2026-09-10 11:17:59.141 T:101983   debug <general>:   EGL_TRANSPARENT_BLUE_VALUE: 0
2026-09-10 11:17:59.141 T:101983   debug <general>:   EGL_TRANSPARENT_GREEN_VALUE: 0
2026-09-10 11:17:59.141 T:101983   debug <general>:   EGL_TRANSPARENT_RED_VALUE: 0
2026-09-10 11:17:59.141 T:101983   debug <general>:   EGL_BIND_TO_TEXTURE_RGB: 0
2026-09-10 11:17:59.141 T:101983   debug <general>:   EGL_BIND_TO_TEXTURE_RGBA: 1
2026-09-10 11:17:59.141 T:101983   debug <general>:   EGL_MIN_SWAP_INTERVAL: 0
2026-09-10 11:17:59.141 T:101983   debug <general>:   EGL_MAX_SWAP_INTERVAL: 1
2026-09-10 11:17:59.141 T:101983   debug <general>:   EGL_LUMINANCE_SIZE: 0
2026-09-10 11:17:59.141 T:101983   debug <general>:   EGL_ALPHA_MASK_SIZE: 8
2026-09-10 11:17:59.141 T:101983   debug <general>:   EGL_COLOR_BUFFER_TYPE: 0x308e
2026-09-10 11:17:59.141 T:101983   debug <general>:   EGL_RENDERABLE_TYPE: 69
2026-09-10 11:17:59.141 T:101983   debug <general>:   EGL_CONFORMANT: 69
2026-09-10 11:17:59.152 T:101983   debug <general>: CUDMABufferObject::Register - unable to open /dev/udmabuf: No such file or directory
2026-09-10 11:17:59.152 T:101983   debug <general>: CDMAHeapBufferObject::Register - using /dev/dma_heap/reserved
2026-09-10 11:17:59.152 T:101983    info <general>: CApplication::CreateGUI - using the gbm windowing system
2026-09-10 11:17:59.152 T:101983    info <general>: Checking resolution 16
2026-09-10 11:17:59.152 T:101983   debug <general>: OnLostDevice - notify display change event
2026-09-10 11:17:59.152 T:101983   debug <general>: CWinSystemGbmEGLContext::DestroyWindow - deinitialized GBM
2026-09-10 11:17:59.152 T:101983   debug <general>: virtual bool KODI::WINDOWING::GBM::CDRMUtils::SetMode(const RESOLUTION_INFO&): Found crtc mode: 3840x2560 @ 50 Hz
2026-09-10 11:17:59.152 T:101983   debug <general>: CGBMUtils::CreateSurface - created surface with size 3840x2560
2026-09-10 11:17:59.156 T:101983   debug <general>: bool KODI::WINDOWING::GBM::CDRMPlane::SupportsFormatAndModifier(uint32_t, uint64_t): found plane format (AR24) and modifier (LINEAR)
2026-09-10 11:17:59.156 T:101983    info <general>: bool KODI::WINDOWING::GBM::CDRMUtils::FindGuiPlane(uint32_t, uint64_t): Using gui plane [3840x2560] id:57, format:AR24, modifier:LINEAR, crtc id:89
2026-09-10 11:17:59.156 T:101983   debug <general>: CWinSystemGbmEGLContext::CreateNewWindow - initialized GBM
2026-09-10 11:17:59.157 T:101983    info <general>: GL_VENDOR = ARM
2026-09-10 11:17:59.157 T:101983    info <general>: GL_RENDERER = Mali-G610
2026-09-10 11:17:59.157 T:101983    info <general>: GL_VERSION = OpenGL ES 3.2 v1.g24p0-00eac0.071111a8920e863c7ed9b7ffed7fc78e
2026-09-10 11:17:59.157 T:101983    info <general>: GL_SHADING_LANGUAGE_VERSION = OpenGL ES GLSL ES 3.20
2026-09-10 11:17:59.157 T:101983    info <general>: GL_EXTENSIONS = GL_ARM_rgba8 GL_ARM_mali_shader_binary GL_ARM_debug_assert GL_OES_depth24 GL_OES_depth_texture GL_OES_depth_texture_cube_map GL_OES_packed_depth_stencil GL_OES_rgb8_rgba8 GL_EXT_read_format_bgra GL_OES_compressed_paletted_texture GL_OES_compressed_ETC1_RGB8_texture GL_OES_standard_derivatives GL_OES_EGL_image GL_OES_EGL_image_external GL_OES_EGL_image_external_essl3 GL_OES_EGL_sync GL_OES_texture_npot GL_OES_vertex_half_float GL_OES_required_internalformat GL_OES_vertex_array_object GL_OES_mapbuffer GL_EXT_texture_format_BGRA8888 GL_EXT_texture_rg GL_EXT_texture_type_2_10_10_10_REV GL_OES_fbo_render_mipmap GL_OES_element_index_uint GL_EXT_shadow_samplers GL_OES_texture_compression_astc GL_KHR_texture_compression_astc_ldr GL_KHR_texture_compression_astc_hdr GL_KHR_texture_compression_astc_sliced_3d GL_EXT_texture_compression_astc_decode_mode GL_EXT_texture_compression_astc_decode_mode_rgb9e5 GL_KHR_debug GL_EXT_occlusion_query_boolean GL_EXT_disjoint_timer_query GL_EXT_blend_minmax GL_EXT_discard_framebuffer GL_OES_get_program_binary GL_OES_texture_3D GL_EXT_texture_storage GL_EXT_multisampled_render_to_texture GL_EXT_multisampled_render_to_texture2 GL_OES_surfaceless_context GL_OES_texture_stencil8 GL_EXT_shader_pixel_local_storage GL_ARM_shader_framebuffer_fetch GL_ARM_shader_framebuffer_fetch_depth_stencil GL_ARM_mali_program_binary GL_EXT_sRGB GL_EXT_sRGB_write_control GL_EXT_texture_sRGB_decode GL_EXT_texture_sRGB_R8 GL_EXT_texture_sRGB_RG8 GL_KHR_blend_equation_advanced GL_KHR_blend_equation_advanced_coherent GL_OES_texture_storage_multisample_2d_array GL_OES_shader_image_atomic GL_EXT_robustness GL_EXT_draw_buffers_indexed GL_OES_draw_buffers_indexed GL_EXT_texture_border_clamp GL_OES_texture_border_clamp GL_EXT_texture_cube_map_array GL_OES_texture_cube_map_array GL_OES_sample_variables GL_OES_sample_shading GL_OES_shader_multisample_interpolation GL_EXT_shader_io_blocks GL_OES_shader_io_blocks GL_EXT_tessellation_shader GL_OES_tessellation_shader GL_EXT_primitive_bounding_box GL_OES_primitive_bounding_box GL_EXT_geometry_shader GL_OES_geometry_shader GL_ANDROID_extension_pack_es31a GL_EXT_gpu_shader5 GL_OES_gpu_shader5 GL_EXT_texture_buffer GL_OES_texture_buffer GL_EXT_copy_image GL_OES_copy_image GL_EXT_shader_non_constant_global_initializers GL_EXT_color_buffer_half_float GL_EXT_unpack_subimage GL_EXT_color_buffer_float GL_EXT_float_blend GL_EXT_YUV_target GL_OVR_multiview GL_OVR_multiview2 GL_OVR_multiview_multisampled_render_to_texture GL_KHR_robustness GL_KHR_robust_buffer_access_behavior GL_EXT_draw_elements_base_vertex GL_OES_draw_elements_base_vertex GL_EXT_protected_textures GL_EXT_buffer_storage GL_EXT_clear_texture GL_ARM_shader_core_properties GL_EXT_texture_filter_anisotropic GL_OES_texture_float_linear GL_ARM_texture_unnormalized_coordinates GL_EXT_shader_framebuffer_fetch GL_EXT_clip_control GL_EXT_polygon_offset_clamp GL_EXT_EGL_image_storage GL_EXT_texture_norm16 
2026-09-10 11:17:59.335 T:101989   debug <general>: CLibInputHandler::DeviceAdded - keyboard type device added: adc-keys (event6)
2026-09-10 11:17:59.336 T:101989   debug <general>: CLibInputKeyboard::GetRepeat - could not get key repeat for event6 (Function not implemented)
2026-09-10 11:17:59.336 T:101989   debug <general>: CLibInputKeyboard::GetRepeat - delay: 400ms repeat: 80ms for adc-keys (event6)
2026-09-10 11:17:59.337 T:101983   debug <general>: OnLostDevice - notify display change event
2026-09-10 11:17:59.337 T:101983   debug <general>: virtual bool KODI::WINDOWING::GBM::CDRMUtils::SetMode(const RESOLUTION_INFO&): Found crtc mode: 3840x2560 @ 50 Hz
2026-09-10 11:17:59.337 T:101983   debug <general>: virtual void KODI::WINDOWING::GBM::CDRMAtomic::FlipPage(gbm_bo*, bool, bool, bool): Execute modeset at next commit
2026-09-10 11:17:59.443 T:101989   debug <general>: CLibInputHandler::DeviceAdded - keyboard type device added: headset-keys (event3)
2026-09-10 11:17:59.443 T:101989   debug <general>: CLibInputKeyboard::GetRepeat - could not get key repeat for event3 (Function not implemented)
2026-09-10 11:17:59.443 T:101989   debug <general>: CLibInputKeyboard::GetRepeat - delay: 400ms repeat: 80ms for headset-keys (event3)
2026-09-10 11:17:59.463 T:101989   debug <general>: CLibInputHandler::DeviceAdded - keyboard type device added: Logitech USB Receiver (event8)
2026-09-10 11:17:59.463 T:101989   debug <general>: CLibInputKeyboard::GetRepeat - delay: 250ms repeat: 33ms for Logitech USB Receiver (event8)
2026-09-10 11:17:59.493 T:101989   debug <general>: CLibInputHandler::DeviceAdded - pointer type device added: Logitech USB Receiver Consumer Control (event10)
2026-09-10 11:17:59.493 T:101989   debug <general>: CLibInputHandler::DeviceAdded - keyboard type device added: Logitech USB Receiver Consumer Control (event10)
2026-09-10 11:17:59.493 T:101989   debug <general>: CLibInputKeyboard::GetRepeat - could not get key repeat for event10 (Function not implemented)
2026-09-10 11:17:59.493 T:101989   debug <general>: CLibInputKeyboard::GetRepeat - delay: 400ms repeat: 80ms for Logitech USB Receiver Consumer Control (event10)
2026-09-10 11:17:59.502 T:101983    info <general>: GLES: Maximum texture width: 16383
2026-09-10 11:17:59.502 T:101983   debug <general>: guilib: Fill viewport on change for solving rendering passes
2026-09-10 11:17:59.516 T:101989   debug <general>: CLibInputHandler::DeviceAdded - keyboard type device added: Logitech USB Receiver System Control (event11)
2026-09-10 11:17:59.517 T:101989   debug <general>: CLibInputKeyboard::GetRepeat - could not get key repeat for event11 (Function not implemented)
2026-09-10 11:17:59.517 T:101989   debug <general>: CLibInputKeyboard::GetRepeat - delay: 400ms repeat: 80ms for Logitech USB Receiver System Control (event11)
2026-09-10 11:17:59.540 T:101989   debug <general>: CLibInputHandler::DeviceAdded - pointer type device added: Logitech USB Receiver Mouse (event9)
2026-09-10 11:17:59.540 T:101989   debug <general>: CLibInputHandler::DeviceAdded - pointer type device added: dw_hdmi_qp (event0)
2026-09-10 11:17:59.540 T:101989   debug <general>: CLibInputHandler::DeviceAdded - keyboard type device added: dw_hdmi_qp (event0)
2026-09-10 11:17:59.540 T:101989   debug <general>: CLibInputKeyboard::GetRepeat - delay: 0ms repeat: 125ms for dw_hdmi_qp (event0)
2026-09-10 11:17:59.541 T:101983   debug <general>: CWinSystemGbmGLESContext::PresentRender - Sending display reset to all clients
2026-09-10 11:17:59.541 T:101983    info <general>: load keymapping
2026-09-10 11:17:59.541 T:101983    info <general>: Loading special://xbmc/system/keymaps/appcommand.xml
2026-09-10 11:17:59.541 T:101983    info <general>: Loading special://xbmc/system/keymaps/customcontroller.Harmony.xml
2026-09-10 11:17:59.542 T:101983    info <general>: Loading special://xbmc/system/keymaps/customcontroller.SiriRemote.xml
2026-09-10 11:17:59.542 T:101983    info <general>: Loading special://xbmc/system/keymaps/gamepad.xml
2026-09-10 11:17:59.542 T:101983    info <general>: Loading special://xbmc/system/keymaps/joystick.xml
2026-09-10 11:17:59.543 T:101983    info <general>: Loading special://xbmc/system/keymaps/keyboard.xml
2026-09-10 11:17:59.544 T:101983    info <general>: Loading special://xbmc/system/keymaps/mouse.xml
2026-09-10 11:17:59.544 T:101983    info <general>: Loading special://xbmc/system/keymaps/remote.xml
2026-09-10 11:17:59.545 T:101983    info <general>: Loading special://xbmc/system/keymaps/touchscreen.xml
2026-09-10 11:17:59.545 T:101983    info <general>: GUI format 3840x2560, Display 3840x2560 @ 49.980923 Hz
2026-09-10 11:17:59.546 T:101997   debug <general>: Thread ActiveAE start, auto delete: false
2026-09-10 11:17:59.546 T:101998   debug <general>: Thread AESink start, auto delete: false
2026-09-10 11:17:59.546 T:101997   debug <general>: [threads] name: 'AESink' priority: '-1'
2026-09-10 11:17:59.546 T:101999   debug <general>: Thread FDEventMonitor start, auto delete: false
2026-09-10 11:17:59.551 T:101997    info <general>: CAESinkALSA - Unable to open device "surround71" for playback
2026-09-10 11:17:59.551 T:101997    info <general>: CAESinkALSA - Unable to open device "surround51" for playback
2026-09-10 11:17:59.551 T:101997    info <general>: CAESinkALSA - Unable to open device "surround71" for playback
2026-09-10 11:17:59.551 T:101985    info <general>: Loading special://xbmc/system/Lircmap.xml
2026-09-10 11:17:59.551 T:101997    info <general>: CAESinkALSA - Unable to open device "surround40" for playback
2026-09-10 11:17:59.551 T:101997    info <general>: CAESinkALSA - Unable to open device "surround51" for playback
2026-09-10 11:17:59.551 T:101997    info <general>: CAESinkALSA - Unable to open device "surround71" for playback
2026-09-10 11:17:59.553 T:101985    info <general>: * Adding remote mapping for device 'mceusb'
2026-09-10 11:17:59.553 T:101985    info <general>: * Adding remote mapping for device 'XboxDVDDongle'
2026-09-10 11:17:59.553 T:101985    info <general>: * Adding remote mapping for device 'Microsoft_Xbox'
2026-09-10 11:17:59.553 T:101985    info <general>: * Adding remote mapping for device 'PinnacleSysPCTVRemote'
2026-09-10 11:17:59.553 T:101985    info <general>: * Adding remote mapping for device 'anysee'
2026-09-10 11:17:59.553 T:101985    info <general>: * Adding remote mapping for device 'iMON-PAD'
2026-09-10 11:17:59.553 T:101985    info <general>: * Adding remote mapping for device 'Antec_Veris_RM200'
2026-09-10 11:17:59.553 T:101985    info <general>: * Adding remote mapping for device 'MCE_via_iMON'
2026-09-10 11:17:59.553 T:101985    info <general>: * Adding remote mapping for device 'TwinHanRemote'
2026-09-10 11:17:59.553 T:101985    info <general>: * Adding remote mapping for device 'linux-input-layer'
2026-09-10 11:17:59.554 T:101985    info <general>: * Linking remote mapping for 'linux-input-layer' to 'cx23885_remote'
2026-09-10 11:17:59.554 T:101985    info <general>: * Adding remote mapping for device 'mediacenter'
2026-09-10 11:17:59.554 T:101985    info <general>: * Adding remote mapping for device 'devinput'
2026-09-10 11:17:59.554 T:101985    info <general>: * Adding remote mapping for device 'devinput-32'
2026-09-10 11:17:59.554 T:101985    info <general>: * Adding remote mapping for device 'devinput-64'
2026-09-10 11:17:59.554 T:101985   debug <general>: CIRTranslator::Load - no userdata Lircmap.xml found, skipping
2026-09-10 11:17:59.564 T:101997    info <general>: Found 1 Lists of Devices
2026-09-10 11:17:59.564 T:101997    info <general>: Enumerated ALSA devices:
2026-09-10 11:17:59.564 T:101997    info <general>:     Device 1
2026-09-10 11:17:59.564 T:101997    info <general>:         m_deviceName      : @
2026-09-10 11:17:59.564 T:101997    info <general>:         m_displayName     : Default (rockchip-hdmi1 rockchip-hdmi1 i2s-hifi-0)
2026-09-10 11:17:59.564 T:101997    info <general>:         m_displayNameExtra: 
2026-09-10 11:17:59.564 T:101997    info <general>:         m_deviceType      : AE_DEVTYPE_PCM
2026-09-10 11:17:59.564 T:101997    info <general>:         m_channels        : FL, FR
2026-09-10 11:17:59.564 T:101997    info <general>:         m_sampleRates     : 32000,44100,48000
2026-09-10 11:17:59.564 T:101997    info <general>:         m_dataFormats     : AE_FMT_S24NE4,AE_FMT_S32NE,AE_FMT_S16NE,AE_FMT_S16LE
2026-09-10 11:17:59.564 T:101997    info <general>:         m_streamTypes     : No passthrough capabilities
2026-09-10 11:17:59.564 T:101997    info <general>:     Device 2
2026-09-10 11:17:59.564 T:101997    info <general>:         m_deviceName      : sysdefault:CARD=rockchiphdmi1
2026-09-10 11:17:59.564 T:101997    info <general>:         m_displayName     : rockchip-hdmi1
2026-09-10 11:17:59.564 T:101997    info <general>:         m_displayNameExtra: rockchip-hdmi1 i2s-hifi-0
2026-09-10 11:17:59.564 T:101997    info <general>:         m_deviceType      : AE_DEVTYPE_PCM
2026-09-10 11:17:59.564 T:101997    info <general>:         m_channels        : FL, FR
2026-09-10 11:17:59.564 T:101997    info <general>:         m_sampleRates     : 32000,44100,48000
2026-09-10 11:17:59.564 T:101997    info <general>:         m_dataFormats     : AE_FMT_S24NE4,AE_FMT_S32NE,AE_FMT_S16NE,AE_FMT_S16LE
2026-09-10 11:17:59.564 T:101997    info <general>:         m_streamTypes     : No passthrough capabilities
2026-09-10 11:17:59.564 T:101997    info <general>:     Device 3
2026-09-10 11:17:59.564 T:101997    info <general>:         m_deviceName      : sysdefault:CARD=rockchipes8388
2026-09-10 11:17:59.564 T:101997    info <general>:         m_displayName     : rockchip,es8388
2026-09-10 11:17:59.564 T:101997    info <general>:         m_displayNameExtra: dailink-multicodecs ES8323 HiFi-0
2026-09-10 11:17:59.564 T:101997    info <general>:         m_deviceType      : AE_DEVTYPE_PCM
2026-09-10 11:17:59.564 T:101997    info <general>:         m_channels        : FL, FR
2026-09-10 11:17:59.564 T:101997    info <general>:         m_sampleRates     : 8000,11025,16000,22050,32000,44100,48000,64000,88200,96000
2026-09-10 11:17:59.564 T:101997    info <general>:         m_dataFormats     : AE_FMT_S24NE4,AE_FMT_S16NE,AE_FMT_S16LE
2026-09-10 11:17:59.564 T:101997    info <general>:         m_streamTypes     : No passthrough capabilities
2026-09-10 11:17:59.564 T:101998    info <general>: CActiveAESink::OpenSink - initialize sink
2026-09-10 11:17:59.564 T:101998   debug <general>: CActiveAESink::OpenSink - trying to open device ALSA:sysdefault:CARD=rockchiphdmi1
2026-09-10 11:17:59.564 T:101998    info <general>: CAESinkALSA::Initialize - Attempting to open device "sysdefault:CARD=rockchiphdmi1"
2026-09-10 11:17:59.564 T:101998    info <general>: MP2ALSA open:request device="sysdefault:CARD=rockchiphdmi1" devType=0 passthrough=0 rate=48000 channels=2 aeformat=15 aesparams=""
2026-09-10 11:17:59.568 T:101998    info <general>: CAESinkALSA::Initialize - Opened device "sysdefault:CARD=rockchiphdmi1"
2026-09-10 11:17:59.568 T:101998    info <general>: MP2ALSA open:result snd_pcm_name="sysdefault:CARD=rockchiphdmi1" type=14 state=OPEN
2026-09-10 11:17:59.568 T:101998    info <general>: MP2ALSA hw:before state=OPEN
2026-09-10 11:17:59.568 T:101998    info <general>: CAESinkALSA::InitializeHW - Your hardware does not support AE_FMT_FLOAT, trying other formats
2026-09-10 11:17:59.568 T:101998    info <general>: CAESinkALSA::InitializeHW - Using data format AE_FMT_S24NE4
2026-09-10 11:17:59.568 T:101998   debug <general>: CAESinkALSA::InitializeHW - Request: periodSize 2400, bufferSize 9600
2026-09-10 11:17:59.569 T:101998   debug <general>: CAESinkALSA::InitializeHW - Got: periodSize 2400, bufferSize 9600
2026-09-10 11:17:59.569 T:101998   debug <general>: CAESinkALSA::InitializeHW - Setting timeout to 200 ms
2026-09-10 11:17:59.569 T:101998    info <general>: MP2ALSA hw:after state=PREPARED rate=48000 channels=2 aeformat=9 periodSize=2400 frameSize=8
2026-09-10 11:17:59.569 T:101998    info <general>: MP2ALSA sw:params ret=0 start_threshold=2147483647 avail_min=2400 silence_size=5404319552844595200 boundary=5404319552844595200 state=PREPARED
2026-09-10 11:17:59.569 T:101998    info <general>: MP2ALSA sw:after state=PREPARED
2026-09-10 11:17:59.569 T:101998    info <general>: MP2ALSA chmap:set requested="FL FR" ret=0 state=PREPARED
2026-09-10 11:17:59.569 T:101998    info <general>: MP2ALSA nonblock ret=0 state=PREPARED
2026-09-10 11:17:59.570 T:101998    info <general>: MP2ALSA prepare ret=0 state=PREPARED
2026-09-10 11:17:59.570 T:101998   debug <general>: CAESinkALSA::GetChannelLayout - Input Channel Count: 2 Output Channel Count: 2
2026-09-10 11:17:59.570 T:101998   debug <general>: CAESinkALSA::GetChannelLayout - Requested Layout: FL, FR
2026-09-10 11:17:59.570 T:101998   debug <general>: CAESinkALSA::GetChannelLayout - Got Layout: FL, FR (ALSA: FL FR)
2026-09-10 11:17:59.570 T:101998   debug <general>: CActiveAESink::OpenSink - ALSA Initialized:
2026-09-10 11:17:59.570 T:101998   debug <general>:   Output Device : rockchip-hdmi1
2026-09-10 11:17:59.570 T:101998   debug <general>:   Sample Rate   : 48000
2026-09-10 11:17:59.570 T:101998   debug <general>:   Sample Format : AE_FMT_S24NE4
2026-09-10 11:17:59.570 T:101998   debug <general>:   Channel Count : 2
2026-09-10 11:17:59.570 T:101998   debug <general>:   Channel Layout: FL, FR
2026-09-10 11:17:59.570 T:101998   debug <general>:   Frames        : 2400
2026-09-10 11:17:59.570 T:101998   debug <general>:   Frame Size    : 8
2026-09-10 11:17:59.572 T:101998    info <general>: MP2ALSA write:first:before frames=2400 state=PREPARED fragmented=0
2026-09-10 11:17:59.572 T:101998    info <general>: MP2ALSA write:first:after frames=2400 ret=2400 (ok) state_before=PREPARED state_after=PREPARED
2026-09-10 11:17:59.572 T:101997   debug <general>: void ActiveAE::CActiveAE::ConfigureLowLatency(): Low latency mode: true - Initial buffer level: 20ms (resample: false)
2026-09-10 11:17:59.572 T:101983    info <general>: CLangInfo: loading resource.language.en_gb language information...
2026-09-10 11:17:59.572 T:101983   debug <general>: trying to set locale to en_US.UTF-8
2026-09-10 11:17:59.572 T:101983    info <general>: global locale set to en_US.UTF-8
2026-09-10 11:17:59.573 T:101983    info <general>: CLangInfo: loading resource.language.en_gb language strings...
2026-09-10 11:17:59.573 T:101989   debug <general>: CLibInputHandler::DeviceAdded - keyboard type device added: rk805 pwrkey (event7)
2026-09-10 11:17:59.573 T:101989   debug <general>: CLibInputKeyboard::GetRepeat - could not get key repeat for event7 (Function not implemented)
2026-09-10 11:17:59.573 T:101989   debug <general>: CLibInputKeyboard::GetRepeat - delay: 400ms repeat: 80ms for rk805 pwrkey (event7)
2026-09-10 11:17:59.576 T:101983   debug <general>: LocalizeStrings: loaded 4560 strings from file resource://resource.language.en_gb/strings.po
2026-09-10 11:17:59.576 T:101983   debug <general>: LocalizeStrings: loaded 3 strings from file /opt/rk3588-mediabox/kodi/share/kodi/addons/audioencoder.kodi.builtin.aac/resources/language/resource.language.en_gb/strings.po
2026-09-10 11:17:59.576 T:101983   debug <general>: LocalizeStrings: loaded 3 strings from file /opt/rk3588-mediabox/kodi/share/kodi/addons/audioencoder.kodi.builtin.wma/resources/language/resource.language.en_gb/strings.po
2026-09-10 11:17:59.576 T:101983   debug <general>: LocalizeStrings: loaded 18 strings from file /opt/rk3588-mediabox/kodi/share/kodi/addons/game.controller.default/resources/language/resource.language.en_gb/strings.po
2026-09-10 11:17:59.576 T:101983   debug <general>: LocalizeStrings: loaded 141 strings from file /opt/rk3588-mediabox/kodi/share/kodi/addons/game.controller.keyboard/resources/language/resource.language.en_gb/strings.po
2026-09-10 11:17:59.576 T:101983   debug <general>: LocalizeStrings: loaded 11 strings from file /opt/rk3588-mediabox/kodi/share/kodi/addons/game.controller.mouse/resources/language/resource.language.en_gb/strings.po
2026-09-10 11:17:59.577 T:101983   debug <general>: LocalizeStrings: loaded 13 strings from file /opt/rk3588-mediabox/kodi/share/kodi/addons/game.controller.snes/resources/language/resource.language.en_gb/strings.po
2026-09-10 11:17:59.577 T:101983   debug <general>: LocalizeStrings: loaded 17 strings from file /opt/rk3588-mediabox/kodi/share/kodi/addons/metadata.album.universal/resources/language/resource.language.en_gb/strings.po
2026-09-10 11:17:59.577 T:101983   debug <general>: LocalizeStrings: loaded 32 strings from file /opt/rk3588-mediabox/kodi/share/kodi/addons/metadata.artists.universal/resources/language/resource.language.en_gb/strings.po
2026-09-10 11:17:59.577 T:101983   debug <general>: LocalizeStrings: loaded 17 strings from file /opt/rk3588-mediabox/kodi/share/kodi/addons/metadata.generic.albums/resources/language/resource.language.en_gb/strings.po
2026-09-10 11:17:59.577 T:101983   debug <general>: LocalizeStrings: loaded 15 strings from file /opt/rk3588-mediabox/kodi/share/kodi/addons/metadata.generic.artists/resources/language/resource.language.en_gb/strings.po
2026-09-10 11:17:59.577 T:101983   debug <general>: LocalizeStrings: loaded 24 strings from file /opt/rk3588-mediabox/kodi/share/kodi/addons/metadata.themoviedb.org.python/resources/language/resource.language.en_gb/strings.po
2026-09-10 11:17:59.578 T:101983   debug <general>: LocalizeStrings: loaded 34 strings from file /opt/rk3588-mediabox/kodi/share/kodi/addons/metadata.tvshows.themoviedb.org.python/resources/language/resource.language.en_gb/strings.po
2026-09-10 11:17:59.578 T:101983   debug <general>: LocalizeStrings: loaded 0 strings from file /opt/rk3588-mediabox/kodi/share/kodi/addons/repository.xbmc.org/resources/language/resource.language.en_gb/strings.po
2026-09-10 11:17:59.578 T:101983   debug <general>: LocalizeStrings: loaded 3 strings from file /opt/rk3588-mediabox/kodi/share/kodi/addons/screensaver.xbmc.builtin.dim/resources/language/resource.language.en_gb/strings.po
2026-09-10 11:17:59.578 T:101983   debug <general>: LocalizeStrings: loaded 24 strings from file /opt/rk3588-mediabox/kodi/share/kodi/addons/service.xbmc.versioncheck/resources/language/resource.language.en_gb/strings.po
2026-09-10 11:17:59.579 T:101983   debug <general>: No media sources file at special://profile/mediasources.xml
2026-09-10 11:17:59.579 T:102000   debug <general>: Thread JobWorker start, auto delete: true
2026-09-10 11:17:59.579 T:102000   debug <general>: [threads] name: 'JobWorker' priority: '1'
2026-09-10 11:17:59.579 T:102000   debug <general>: bool CDatabaseManager::InitializeInternal(): updating databases...
2026-09-10 11:17:59.580 T:102000    info <general>: Running database version Addons33
2026-09-10 11:17:59.592 T:102000    info <general>: creating version table
2026-09-10 11:17:59.592 T:102000    info <general>: create view table
2026-09-10 11:17:59.592 T:102000    info <general>: CreateAnalytics - creating indices
2026-09-10 11:17:59.596 T:101989   debug <general>: CLibInputHandler::DeviceAdded - keyboard type device added: bt-powerkey (event5)
2026-09-10 11:17:59.597 T:101989   debug <general>: CLibInputKeyboard::GetRepeat - could not get key repeat for event5 (Function not implemented)
2026-09-10 11:17:59.597 T:101989   debug <general>: CLibInputKeyboard::GetRepeat - delay: 400ms repeat: 80ms for bt-powerkey (event5)
2026-09-10 11:17:59.606 T:102000    info <general>: creating version table
2026-09-10 11:17:59.606 T:102000    info <general>: GAME: Creating gameclient table
2026-09-10 11:17:59.606 T:102000    info <general>: GAME: Creating gameclient index
2026-09-10 11:17:59.620 T:102000    info <general>: creating version table
2026-09-10 11:17:59.620 T:102000    info <general>: create texture table
2026-09-10 11:17:59.621 T:102000    info <general>: create sizes table, index,  and trigger
2026-09-10 11:17:59.621 T:102000    info <general>: create path table
2026-09-10 11:17:59.621 T:102000    info <general>: CreateAnalytics creating indices
2026-09-10 11:17:59.621 T:102000    info <general>: CreateAnalytics creating triggers
2026-09-10 11:17:59.636 T:102000    info <general>: creating version table
2026-09-10 11:17:59.636 T:102000    info <general>: create artist table
2026-09-10 11:17:59.636 T:102000    info <general>: create album table
2026-09-10 11:17:59.637 T:102000    info <general>: create audiobook table
2026-09-10 11:17:59.637 T:102000    info <general>: create album_artist table
2026-09-10 11:17:59.637 T:102000    info <general>: create album_source table
2026-09-10 11:17:59.637 T:102000    info <general>: create genre table
2026-09-10 11:17:59.637 T:102000    info <general>: create path table
2026-09-10 11:17:59.637 T:102000    info <general>: create source table
2026-09-10 11:17:59.637 T:102000    info <general>: create source_path table
2026-09-10 11:17:59.637 T:102000    info <general>: create song table
2026-09-10 11:17:59.637 T:102000    info <general>: create song_artist table
2026-09-10 11:17:59.637 T:102000    info <general>: create song_genre table
2026-09-10 11:17:59.637 T:102000    info <general>: create role table
2026-09-10 11:17:59.637 T:102000    info <general>: create infosetting table
2026-09-10 11:17:59.637 T:102000    info <general>: create discography table
2026-09-10 11:17:59.638 T:102000    info <general>: create art table
2026-09-10 11:17:59.638 T:102000    info <general>: create versiontagscan table
2026-09-10 11:17:59.638 T:102000    info <general>: create removed_link table
2026-09-10 11:17:59.638 T:102000    info <general>: creating indices
2026-09-10 11:17:59.639 T:102000    info <general>: create triggers
2026-09-10 11:17:59.640 T:102000    info <general>: create song view
2026-09-10 11:17:59.640 T:102000    info <general>: create album view
2026-09-10 11:17:59.641 T:102000    info <general>: create artist view
2026-09-10 11:17:59.641 T:102000    info <general>: create albumartist view
2026-09-10 11:17:59.641 T:102000    info <general>: create songartist view
2026-09-10 11:17:59.658 T:102000    info <general>: creating version table
2026-09-10 11:17:59.658 T:102000    info <general>: create bookmark table
2026-09-10 11:17:59.658 T:102000    info <general>: create settings table
2026-09-10 11:17:59.658 T:102000    info <general>: create stacktimes table
2026-09-10 11:17:59.658 T:102000    info <general>: create genre table
2026-09-10 11:17:59.658 T:102000    info <general>: create country table
2026-09-10 11:17:59.658 T:102000    info <general>: create movie table
2026-09-10 11:17:59.659 T:102000    info <general>: create actor table
2026-09-10 11:17:59.659 T:102000    info <general>: create path table
2026-09-10 11:17:59.659 T:102000    info <general>: create files table
2026-09-10 11:17:59.659 T:102000    info <general>: create tvshow table
2026-09-10 11:17:59.659 T:102000    info <general>: create episode table
2026-09-10 11:17:59.659 T:102000    info <general>: create tvshowlinkpath table
2026-09-10 11:17:59.659 T:102000    info <general>: create movielinktvshow table
2026-09-10 11:17:59.659 T:102000    info <general>: create studio table
2026-09-10 11:17:59.659 T:102000    info <general>: create musicvideo table
2026-09-10 11:17:59.659 T:102000    info <general>: create streaminfo table
2026-09-10 11:17:59.659 T:102000    info <general>: create sets table
2026-09-10 11:17:59.659 T:102000    info <general>: create seasons table
2026-09-10 11:17:59.660 T:102000    info <general>: create art table
2026-09-10 11:17:59.660 T:102000    info <general>: create tag table
2026-09-10 11:17:59.660 T:102000    info <general>: create rating table
2026-09-10 11:17:59.660 T:102000    info <general>: create uniqueid table
2026-09-10 11:17:59.660 T:102000    info <general>: create videoversiontype table
2026-09-10 11:17:59.660 T:102000    info <general>: populate videoversiontype table
2026-09-10 11:17:59.663 T:102000    info <general>: create videoversion table
2026-09-10 11:17:59.663 T:102000    info <general>: Creating video database indices
2026-09-10 11:17:59.665 T:102000    info <general>: Creating video database linked indices
2026-09-10 11:17:59.666 T:102000    info <general>: Creating video database triggers
2026-09-10 11:17:59.667 T:102000    info <general>: create episode_view
2026-09-10 11:17:59.667 T:102000    info <general>: create tvshowcounts
2026-09-10 11:17:59.667 T:102000    info <general>: create tvshowlinkpath_minview
2026-09-10 11:17:59.667 T:102000    info <general>: create tvshow_view
2026-09-10 11:17:59.667 T:102000    info <general>: create season_view
2026-09-10 11:17:59.667 T:102000    info <general>: create musicvideo_view
2026-09-10 11:17:59.668 T:102000    info <general>: create movie_view
2026-09-10 11:17:59.685 T:102000    info <general>: creating version table
2026-09-10 11:17:59.685 T:102000    info <general>: virtual void PVR::CPVRDatabase::CreateTables(): Creating PVR database tables
2026-09-10 11:17:59.686 T:102000    info <general>: virtual void PVR::CPVRDatabase::CreateAnalytics(): Creating PVR database indices
2026-09-10 11:17:59.700 T:102000    info <general>: creating version table
2026-09-10 11:17:59.700 T:102000    info <general>: Creating EPG database tables
2026-09-10 11:17:59.708 T:102000   debug <general>: bool CDatabaseManager::InitializeInternal(): updating databases... DONE
2026-09-10 11:17:59.725 T:101983   debug <general>: CGBMUtils - using 5 buffers (surface never reports full; bounded by Kodi)
2026-09-10 11:17:59.745 T:101983    info <general>: Unloaded skin
2026-09-10 11:17:59.745 T:101983    info <general>:   load skin from: /opt/rk3588-mediabox/kodi/share/kodi/addons/skin.estuary/ (version: 4.1.0)
2026-09-10 11:17:59.745 T:101983    info <general>:   load fonts for skin...
2026-09-10 11:17:59.745 T:101983    info <general>: Loading skin includes from /opt/rk3588-mediabox/kodi/share/kodi/addons/skin.estuary/xml/Includes.xml
2026-09-10 11:17:59.759 T:101983   debug <general>: void KODI::GUILIB::CSkinMapManager::LoadMaps(const TiXmlElement*): Skin map 'DefaultCodecMap' loaded 84 entries
2026-09-10 11:17:59.759 T:101983   debug <general>: void KODI::GUILIB::CSkinMapManager::LoadMaps(const TiXmlElement*): Skin map 'DefaultAltAudioMap' references map 'DefaultCodecMap'
2026-09-10 11:17:59.759 T:101983   debug <general>: void KODI::GUILIB::CSkinMapManager::LoadMaps(const TiXmlElement*): Skin map 'DefaultAltAudioMap' loaded 4 entries
2026-09-10 11:17:59.759 T:101983   debug <general>: void KODI::GUILIB::CSkinMapManager::LoadMaps(const TiXmlElement*): Skin map 'DefaultResolutionMap' loaded 7 entries
2026-09-10 11:17:59.759 T:101983   debug <general>: void KODI::GUILIB::CSkinMapManager::LoadMaps(const TiXmlElement*): Skin map 'DefaultHdrMap' loaded 4 entries
2026-09-10 11:17:59.759 T:101983   debug <general>: void KODI::GUILIB::CSkinMapManager::LoadMaps(const TiXmlElement*): Skin map 'DefaultAudioTrackMap' references map 'DefaultCodecMap'
2026-09-10 11:17:59.759 T:101983   debug <general>: void KODI::GUILIB::CSkinMapManager::LoadMaps(const TiXmlElement*): Skin map 'DefaultAudioTrackMap' loaded 7 entries
2026-09-10 11:17:59.769 T:101983    info <general>: bool GUIFontManager::LoadFontsFromFile(const std::string&, const std::string&, std::string&): Loading <fontset> with name 'Default' from '/opt/rk3588-mediabox/kodi/share/kodi/addons/skin.estuary/xml/Font.xml'
2026-09-10 11:17:59.772 T:101983   debug <general>: LocalizeStrings: loaded 183 strings from file /opt/rk3588-mediabox/kodi/share/kodi/addons/skin.estuary/language/resource.language.en_gb/strings.po
2026-09-10 11:17:59.773 T:101983    info <general>: void ADDON::CSkinInfo::LoadTimers(): Trying to load skin timers from /opt/rk3588-mediabox/kodi/share/kodi/addons/skin.estuary/xml/Timers.xml
2026-09-10 11:17:59.773 T:102001   debug <general>: Thread Timer start, auto delete: false
2026-09-10 11:17:59.773 T:101983    info <general>:   load new skin...
2026-09-10 11:17:59.773 T:101983    info <general>: Loading custom window XMLs from skin path /opt/rk3588-mediabox/kodi/share/kodi/addons/skin.estuary/xml
2026-09-10 11:17:59.776 T:101983   debug <general>: Load Skin XML: 3.01 ms
2026-09-10 11:17:59.776 T:101983    info <general>:   initialize new skin...
2026-09-10 11:17:59.776 T:101983   debug <general>: guilib: Fill viewport on change for solving rendering passes
2026-09-10 11:17:59.776 T:101983    info <general>: Loading skin file: Custom_1109_TopBarOverlay.xml, load type: LOAD_ON_GUI_INIT
2026-09-10 11:17:59.779 T:102001   debug <general>: Thread Timer 281473030547488 terminating
2026-09-10 11:17:59.779 T:102002   debug <general>: Thread Timer start, auto delete: false
2026-09-10 11:17:59.781 T:101983   debug <general>: OpenBundle - Opened bundle /opt/rk3588-mediabox/kodi/share/kodi/addons/skin.estuary/media/Textures.xbt
2026-09-10 11:17:59.781 T:101983    info <general>: Loading skin file: DialogBusy.xml, load type: LOAD_ON_GUI_INIT
2026-09-10 11:17:59.782 T:101983    info <general>: Loading skin file: DialogNotification.xml, load type: LOAD_ON_GUI_INIT
2026-09-10 11:17:59.782 T:102002   debug <general>: Thread Timer 281473030547488 terminating
2026-09-10 11:17:59.782 T:102003   debug <general>: Thread Timer start, auto delete: false
2026-09-10 11:17:59.782 T:101983    info <general>: Loading skin file: DialogSeekBar.xml, load type: LOAD_ON_GUI_INIT
2026-09-10 11:17:59.783 T:102003   debug <general>: Thread Timer 281473030547488 terminating
2026-09-10 11:17:59.783 T:102004   debug <general>: Thread Timer start, auto delete: false
2026-09-10 11:17:59.790 T:101983    info <general>: Loading skin file: DialogExtendedProgressBar.xml, load type: LOAD_ON_GUI_INIT
2026-09-10 11:17:59.790 T:101983    info <general>: Loading skin file: Pointer.xml, load type: LOAD_ON_GUI_INIT
2026-09-10 11:17:59.791 T:101983    info <general>: Loading skin file: DialogBusy.xml, load type: LOAD_ON_GUI_INIT
2026-09-10 11:17:59.791 T:101983    info <general>: Loading skin file: DialogVolumeBar.xml, load type: LOAD_ON_GUI_INIT
2026-09-10 11:17:59.792 T:101983    info <general>: Loading resource://resource.uisounds.kodi/sounds.xml
2026-09-10 11:17:59.795 T:102005   debug <general>: Thread Timer start, auto delete: false
2026-09-10 11:17:59.795 T:101983    info <general>:   skin loaded...
2026-09-10 11:17:59.795 T:101983   debug <general>: Activating window ID: 12997
2026-09-10 11:17:59.795 T:101983   debug <general>: ------ Window Init () ------
2026-09-10 11:17:59.800 T:101983   debug <general>: JSONRPC: JSON schema type definition references an unknown type Setting.Details.Setting
2026-09-10 11:17:59.800 T:101983 warning <general>: JSONRPC: Could not parse type "Setting.Details.SettingList"
2026-09-10 11:17:59.800 T:101983    info <general>: JSONRPC: Adding type "Setting.Details.SettingList" to list of incomplete definitions (waiting for "Setting.Details.Setting")
2026-09-10 11:17:59.800 T:101983    info <general>: JSONRPC: Resolving incomplete types/methods referencing Setting.Details.Setting
2026-09-10 11:17:59.808 T:101983    info <general>: JSONRPC v13.200.0: Successfully initialized
2026-09-10 11:17:59.809 T:101983   debug <general>: bool PERIPHERALS::CPeripherals::LoadMappings(): loaded node "Motorola Nyxboard Hybrid"
2026-09-10 11:17:59.809 T:101983   debug <general>: bool PERIPHERALS::CPeripherals::LoadMappings(): loaded node "CEC Adapter"
2026-09-10 11:17:59.809 T:101983   debug <general>: bool PERIPHERALS::CPeripherals::LoadMappings(): loaded node "Pulse-Eight CEC Adapter"
2026-09-10 11:17:59.809 T:101983   debug <general>: bool PERIPHERALS::CPeripherals::LoadMappings(): loaded node "iMON HID device"
2026-09-10 11:17:59.809 T:101983   debug <general>: bool PERIPHERALS::CPeripherals::LoadMappings(): loaded node "WETEK Play remote"
2026-09-10 11:17:59.809 T:101983   debug <general>: bool PERIPHERALS::CPeripherals::LoadMappings(): loaded node "OSMC RF Remote"
2026-09-10 11:17:59.809 T:101983    info <general>: Skipped 1 duplicate messages..
2026-09-10 11:17:59.809 T:101983   debug <general>: bool PERIPHERALS::CPeripherals::LoadMappings(): loaded node "Flirc"
2026-09-10 11:17:59.809 T:101983   debug <general>: bool PERIPHERALS::CPeripherals::LoadMappings(): loaded node "joystick"
2026-09-10 11:17:59.809 T:101983   debug <general>: bool PERIPHERALS::CPeripherals::LoadMappings(): loaded node "keyboard"
2026-09-10 11:17:59.809 T:101983   debug <general>: bool PERIPHERALS::CPeripherals::LoadMappings(): loaded node "mouse"
2026-09-10 11:17:59.809 T:102006   debug <general>: Thread PeripBusUSBUdev start, auto delete: false
2026-09-10 11:17:59.809 T:101983   debug <general>: [threads] name: 'PeripBusUSBUdev' priority: '1'
2026-09-10 11:17:59.809 T:102006   debug <general>: Process - initialised udev monitor
2026-09-10 11:17:59.809 T:102007   debug <general>: Thread PeripBusAddon start, auto delete: false
2026-09-10 11:17:59.809 T:101983   debug <general>: [threads] name: 'PeripBusAddon' priority: '1'
2026-09-10 11:17:59.809 T:101983   debug <general>: GetMappingForDevice - device (0000:0000) mapped to keyboard (type = keyboard)
2026-09-10 11:17:59.809 T:101983    info <general>: Loading controller layout: /opt/rk3588-mediabox/kodi/share/kodi/addons/game.controller.keyboard/resources/layout.xml
2026-09-10 11:17:59.810 T:101983   debug <general>: Initialise - initialised peripheral on 'keyboard' with 1 features and 0 sub devices
2026-09-10 11:17:59.810 T:101983    info <general>: Register - new keyboard device registered on application->keyboard: Keyboard (0000:0000)
2026-09-10 11:17:59.810 T:101983   debug <general>: GetMappingForDevice - device (0000:0000) mapped to mouse (type = mouse)
2026-09-10 11:17:59.810 T:101983    info <general>: Loading controller layout: /opt/rk3588-mediabox/kodi/share/kodi/addons/game.controller.mouse/resources/layout.xml
2026-09-10 11:17:59.810 T:101983   debug <general>: Initialise - initialised peripheral on 'mouse' with 1 features and 0 sub devices
2026-09-10 11:17:59.810 T:101983    info <general>: Register - new mouse device registered on application->mouse: Mouse (0000:0000)
2026-09-10 11:17:59.810 T:102008   debug <general>: Thread PeripEventScan start, auto delete: false
2026-09-10 11:17:59.810 T:101983   debug <general>: ContextMenuManager: addon menus reloaded.
2026-09-10 11:17:59.810 T:101983    info <general>: Loading player core factory settings from special://xbmc/system/playercorefactory.xml.
2026-09-10 11:17:59.811 T:101983   debug <general>: CPlayerCoreConfig::<ctor>: created player VideoPlayer
2026-09-10 11:17:59.811 T:101983   debug <general>: CPlayerCoreConfig::<ctor>: created player PAPlayer
2026-09-10 11:17:59.811 T:101983   debug <general>: CPlayerCoreConfig::<ctor>: created player RetroPlayer
2026-09-10 11:17:59.811 T:101983   debug <general>: CPlayerSelectionRule::Initialize: creating rule: system rules
2026-09-10 11:17:59.811 T:101983   debug <general>: CPlayerSelectionRule::Initialize: creating rule: mms/udp
2026-09-10 11:17:59.811 T:101983   debug <general>: CPlayerSelectionRule::Initialize: creating rule: lastfm/shout
2026-09-10 11:17:59.811 T:101983   debug <general>: CPlayerSelectionRule::Initialize: creating rule: rtmp
2026-09-10 11:17:59.811 T:101983   debug <general>: CPlayerSelectionRule::Initialize: creating rule: rtsp
2026-09-10 11:17:59.811 T:101983   debug <general>: CPlayerSelectionRule::Initialize: creating rule: streams
2026-09-10 11:17:59.811 T:101983   debug <general>: CPlayerSelectionRule::Initialize: creating rule: aacp/sdp
2026-09-10 11:17:59.811 T:101983   debug <general>: CPlayerSelectionRule::Initialize: creating rule: mp2
2026-09-10 11:17:59.811 T:101983   debug <general>: CPlayerSelectionRule::Initialize: creating rule: dvd
2026-09-10 11:17:59.811 T:101983   debug <general>: CPlayerSelectionRule::Initialize: creating rule: discimage
2026-09-10 11:17:59.811 T:101983   debug <general>: CPlayerSelectionRule::Initialize: creating rule: sdp/asf
2026-09-10 11:17:59.811 T:101983   debug <general>: CPlayerSelectionRule::Initialize: creating rule: nsv
2026-09-10 11:17:59.811 T:101983   debug <general>: CPlayerSelectionRule::Initialize: creating rule: radio
2026-09-10 11:17:59.811 T:101983    info <general>: Loaded playercorefactory configuration
2026-09-10 11:17:59.811 T:101983    info <general>: Loading player core factory settings from special://masterprofile/playercorefactory.xml.
2026-09-10 11:17:59.811 T:101983    info <general>: special://masterprofile/playercorefactory.xml does not exist. Skipping.
2026-09-10 11:17:59.811 T:101983   debug <general>: Activating window ID: 12999
2026-09-10 11:17:59.811 T:101983   debug <general>: ------ Window Init (Startup.xml) ------
2026-09-10 11:17:59.811 T:101983    info <general>: Loading skin file: Startup.xml, load type: LOAD_EVERY_TIME
2026-09-10 11:17:59.811 T:101983   debug <general>: Activating window ID: 10000
2026-09-10 11:17:59.811 T:101983   debug <general>: ------ Window Deinit (Startup.xml) ------
2026-09-10 11:17:59.811 T:101983   debug <general>: ------ Window Init (Home.xml) ------
2026-09-10 11:17:59.811 T:101983    info <general>: Loading skin file: Home.xml, load type: KEEP_IN_MEMORY
2026-09-10 11:17:59.814 T:102004   debug <general>: Thread Timer 281473030547488 terminating
2026-09-10 11:17:59.814 T:102010   debug <general>: Thread Timer start, auto delete: false
2026-09-10 11:17:59.815 T:102010   debug <general>: Thread Timer 281473030547488 terminating
2026-09-10 11:17:59.815 T:102011   debug <general>: Thread Timer start, auto delete: false
2026-09-10 11:17:59.815 T:102011   debug <general>: Thread Timer 281473030547488 terminating
2026-09-10 11:17:59.815 T:102012   debug <general>: Thread Timer start, auto delete: false
2026-09-10 11:17:59.815 T:102012   debug <general>: Thread Timer 281473030547488 terminating
2026-09-10 11:17:59.815 T:102013   debug <general>: Thread Timer start, auto delete: false
2026-09-10 11:17:59.815 T:102013   debug <general>: Thread Timer 281473030547488 terminating
2026-09-10 11:17:59.815 T:102014   debug <general>: Thread Timer start, auto delete: false
2026-09-10 11:17:59.815 T:102014   debug <general>: Thread Timer 281473030547488 terminating
2026-09-10 11:17:59.815 T:102015   debug <general>: Thread Timer start, auto delete: false
2026-09-10 11:17:59.815 T:102015   debug <general>: Thread Timer 281473030547488 terminating
2026-09-10 11:17:59.815 T:102016   debug <general>: Thread Timer start, auto delete: false
2026-09-10 11:17:59.816 T:102016   debug <general>: Thread Timer 281473030547488 terminating
2026-09-10 11:17:59.816 T:102017   debug <general>: Thread Timer start, auto delete: false
2026-09-10 11:17:59.816 T:102017   debug <general>: Thread Timer 281473030547488 terminating
2026-09-10 11:17:59.816 T:102018   debug <general>: Thread Timer start, auto delete: false
2026-09-10 11:17:59.816 T:102018   debug <general>: Thread Timer 281473030547488 terminating
2026-09-10 11:17:59.816 T:102019   debug <general>: Thread Timer start, auto delete: false
2026-09-10 11:17:59.816 T:102019   debug <general>: Thread Timer 281473030547488 terminating
2026-09-10 11:17:59.816 T:102020   debug <general>: Thread Timer start, auto delete: false
2026-09-10 11:17:59.816 T:102020   debug <general>: Thread Timer 281473030547488 terminating
2026-09-10 11:17:59.816 T:102021   debug <general>: Thread Timer start, auto delete: false
2026-09-10 11:17:59.816 T:102021   debug <general>: Thread Timer 281473030547488 terminating
2026-09-10 11:17:59.816 T:102022   debug <general>: Thread Timer start, auto delete: false
2026-09-10 11:17:59.817 T:102022   debug <general>: Thread Timer 281473030547488 terminating
2026-09-10 11:17:59.817 T:102023   debug <general>: Thread Timer start, auto delete: false
2026-09-10 11:17:59.817 T:102023   debug <general>: Thread Timer 281473030547488 terminating
2026-09-10 11:17:59.817 T:102024   debug <general>: Thread Timer start, auto delete: false
2026-09-10 11:17:59.817 T:102024   debug <general>: Thread Timer 281473030547488 terminating
2026-09-10 11:17:59.817 T:102025   debug <general>: Thread Timer start, auto delete: false
2026-09-10 11:17:59.817 T:102025   debug <general>: Thread Timer 281473030547488 terminating
2026-09-10 11:17:59.817 T:102026   debug <general>: Thread Timer start, auto delete: false
2026-09-10 11:17:59.817 T:102026   debug <general>: Thread Timer 281473030547488 terminating
2026-09-10 11:17:59.817 T:102027   debug <general>: Thread Timer start, auto delete: false
2026-09-10 11:17:59.817 T:102027   debug <general>: Thread Timer 281473030547488 terminating
2026-09-10 11:17:59.817 T:102028   debug <general>: Thread Timer start, auto delete: false
2026-09-10 11:17:59.817 T:102028   debug <general>: Thread Timer 281473030547488 terminating
2026-09-10 11:17:59.818 T:102029   debug <general>: Thread Timer start, auto delete: false
2026-09-10 11:17:59.818 T:102029   debug <general>: Thread Timer 281473030547488 terminating
2026-09-10 11:17:59.818 T:102030   debug <general>: Thread Timer start, auto delete: false
2026-09-10 11:17:59.818 T:102030   debug <general>: Thread Timer 281473030547488 terminating
2026-09-10 11:17:59.819 T:102031   debug <general>: Thread Timer start, auto delete: false
2026-09-10 11:17:59.819 T:102031   debug <general>: Thread Timer 281473030547488 terminating
2026-09-10 11:17:59.819 T:102032   debug <general>: Thread Timer start, auto delete: false
2026-09-10 11:17:59.820 T:102032   debug <general>: Thread Timer 281473030547488 terminating
2026-09-10 11:17:59.820 T:102033   debug <general>: Thread Timer start, auto delete: false
2026-09-10 11:17:59.820 T:102033   debug <general>: Thread Timer 281473030547488 terminating
2026-09-10 11:17:59.820 T:102034   debug <general>: Thread Timer start, auto delete: false
2026-09-10 11:17:59.820 T:102034   debug <general>: Thread Timer 281473030547488 terminating
2026-09-10 11:17:59.821 T:102035   debug <general>: Thread Timer start, auto delete: false
2026-09-10 11:17:59.821 T:102035   debug <general>: Thread Timer 281473030547488 terminating
2026-09-10 11:17:59.821 T:102036   debug <general>: Thread Timer start, auto delete: false
2026-09-10 11:17:59.821 T:102036   debug <general>: Thread Timer 281473030547488 terminating
2026-09-10 11:17:59.821 T:102037   debug <general>: Thread Timer start, auto delete: false
2026-09-10 11:17:59.821 T:102037   debug <general>: Thread Timer 281473030547488 terminating
2026-09-10 11:17:59.821 T:102038   debug <general>: Thread Timer start, auto delete: false
2026-09-10 11:17:59.821 T:102038   debug <general>: Thread Timer 281473030547488 terminating
2026-09-10 11:17:59.821 T:102039   debug <general>: Thread Timer start, auto delete: false
2026-09-10 11:17:59.821 T:102039   debug <general>: Thread Timer 281473030547488 terminating
2026-09-10 11:17:59.822 T:102040   debug <general>: Thread Timer start, auto delete: false
2026-09-10 11:17:59.822 T:102040   debug <general>: Thread Timer 281473030547488 terminating
2026-09-10 11:17:59.822 T:102041   debug <general>: Thread Timer start, auto delete: false
2026-09-10 11:17:59.822 T:102041   debug <general>: Thread Timer 281473030547488 terminating
2026-09-10 11:17:59.822 T:102042   debug <general>: Thread Timer start, auto delete: false
2026-09-10 11:17:59.822 T:102042   debug <general>: Thread Timer 281473030547488 terminating
2026-09-10 11:17:59.822 T:102043   debug <general>: Thread Timer start, auto delete: false
2026-09-10 11:17:59.822 T:102043   debug <general>: Thread Timer 281473030547488 terminating
2026-09-10 11:17:59.822 T:102044   debug <general>: Thread Timer start, auto delete: false
2026-09-10 11:17:59.822 T:102044   debug <general>: Thread Timer 281473030547488 terminating
2026-09-10 11:17:59.822 T:102045   debug <general>: Thread Timer start, auto delete: false
2026-09-10 11:17:59.822 T:102045   debug <general>: Thread Timer 281473030547488 terminating
2026-09-10 11:17:59.822 T:102046   debug <general>: Thread Timer start, auto delete: false
2026-09-10 11:17:59.823 T:102046   debug <general>: Thread Timer 281473030547488 terminating
2026-09-10 11:17:59.823 T:102047   debug <general>: Thread Timer start, auto delete: false
2026-09-10 11:17:59.823 T:102047   debug <general>: Thread Timer 281473030547488 terminating
2026-09-10 11:17:59.823 T:102048   debug <general>: Thread Timer start, auto delete: false
2026-09-10 11:17:59.823 T:102048   debug <general>: Thread Timer 281473030547488 terminating
2026-09-10 11:17:59.824 T:102049   debug <general>: Thread Timer start, auto delete: false
2026-09-10 11:17:59.824 T:102049   debug <general>: Thread Timer 281473030547488 terminating
2026-09-10 11:17:59.824 T:102050   debug <general>: Thread Timer start, auto delete: false
2026-09-10 11:17:59.824 T:102050   debug <general>: Thread Timer 281473030547488 terminating
2026-09-10 11:17:59.824 T:102051   debug <general>: Thread Timer start, auto delete: false
2026-09-10 11:17:59.824 T:102051   debug <general>: Thread Timer 281473030547488 terminating
2026-09-10 11:17:59.824 T:102052   debug <general>: Thread Timer start, auto delete: false
2026-09-10 11:17:59.824 T:102052   debug <general>: Thread Timer 281473030547488 terminating
2026-09-10 11:17:59.824 T:102053   debug <general>: Thread Timer start, auto delete: false
2026-09-10 11:17:59.824 T:102053   debug <general>: Thread Timer 281473030547488 terminating
2026-09-10 11:17:59.824 T:102054   debug <general>: Thread Timer start, auto delete: false
2026-09-10 11:17:59.827 T:102054   debug <general>: Thread Timer 281473030547488 terminating
2026-09-10 11:17:59.827 T:102055   debug <general>: Thread Timer start, auto delete: false
2026-09-10 11:17:59.838 T:102055   debug <general>: Thread Timer 281473030547488 terminating
2026-09-10 11:17:59.838 T:102056   debug <general>: Thread Timer start, auto delete: false
2026-09-10 11:17:59.838 T:102056   debug <general>: Thread Timer 281473030547488 terminating
2026-09-10 11:17:59.838 T:102057   debug <general>: Thread Timer start, auto delete: false
2026-09-10 11:17:59.838 T:102057   debug <general>: Thread Timer 281473030547488 terminating
2026-09-10 11:17:59.838 T:102058   debug <general>: Thread Timer start, auto delete: false
2026-09-10 11:17:59.838 T:102058   debug <general>: Thread Timer 281473030547488 terminating
2026-09-10 11:17:59.838 T:102059   debug <general>: Thread Timer start, auto delete: false
2026-09-10 11:17:59.838 T:102059   debug <general>: Thread Timer 281473030547488 terminating
2026-09-10 11:17:59.838 T:102060   debug <general>: Thread Timer start, auto delete: false
2026-09-10 11:17:59.838 T:102060   debug <general>: Thread Timer 281473030547488 terminating
2026-09-10 11:17:59.839 T:102061   debug <general>: Thread Timer start, auto delete: false
2026-09-10 11:17:59.839 T:102061   debug <general>: Thread Timer 281473030547488 terminating
2026-09-10 11:17:59.839 T:102062   debug <general>: Thread Timer start, auto delete: false
2026-09-10 11:17:59.839 T:102062   debug <general>: Thread Timer 281473030547488 terminating
2026-09-10 11:17:59.839 T:102063   debug <general>: Thread Timer start, auto delete: false
2026-09-10 11:17:59.839 T:102063   debug <general>: Thread Timer 281473030547488 terminating
2026-09-10 11:17:59.839 T:102064   debug <general>: Thread Timer start, auto delete: false
2026-09-10 11:17:59.839 T:102064   debug <general>: Thread Timer 281473030547488 terminating
2026-09-10 11:17:59.839 T:102065   debug <general>: Thread Timer start, auto delete: false
2026-09-10 11:17:59.839 T:102065   debug <general>: Thread Timer 281473030547488 terminating
2026-09-10 11:17:59.839 T:102066   debug <general>: Thread Timer start, auto delete: false
2026-09-10 11:17:59.844 T:102066   debug <general>: Thread Timer 281473030547488 terminating
2026-09-10 11:17:59.844 T:102067   debug <general>: Thread Timer start, auto delete: false
2026-09-10 11:17:59.844 T:102067   debug <general>: Thread Timer 281473030547488 terminating
2026-09-10 11:17:59.844 T:102068   debug <general>: Thread Timer start, auto delete: false
2026-09-10 11:17:59.844 T:102068   debug <general>: Thread Timer 281473030547488 terminating
2026-09-10 11:17:59.844 T:102069   debug <general>: Thread Timer start, auto delete: false
2026-09-10 11:17:59.847 T:101983   debug <general>: CDirectoryProvider[addons://]: refreshing...
2026-09-10 11:17:59.847 T:101983   debug <general>: CDirectoryProvider[addons://sources/video/]: refreshing...
2026-09-10 11:17:59.847 T:101983   debug <general>: CDirectoryProvider[addons://sources/audio/]: refreshing...
2026-09-10 11:17:59.847 T:102070   debug <general>: Thread JobWorker start, auto delete: true
2026-09-10 11:17:59.847 T:101983   debug <general>: CDirectoryProvider[addons://sources/game/]: refreshing...
2026-09-10 11:17:59.847 T:101983   debug <general>: CDirectoryProvider[addons://sources/executable/]: refreshing...
2026-09-10 11:17:59.847 T:102070   debug <general>: [threads] name: 'JobWorker' priority: '1'
2026-09-10 11:17:59.847 T:101983   debug <general>: CDirectoryProvider[addons://sources/image/]: refreshing...
2026-09-10 11:17:59.847 T:101983   debug <general>: CDirectoryProvider[library://video/]: refreshing...
2026-09-10 11:17:59.847 T:102071   debug <general>: Thread JobWorker start, auto delete: true
2026-09-10 11:17:59.847 T:102071   debug <general>: [threads] name: 'JobWorker' priority: '1'
2026-09-10 11:17:59.847 T:101983   debug <general>: CDirectoryProvider[sources://video/]: refreshing...
2026-09-10 11:17:59.847 T:101983   debug <general>: CDirectoryProvider[special://videoplaylists/]: refreshing...
2026-09-10 11:17:59.847 T:101983   debug <general>: CDirectoryProvider[favourites://]: refreshing...
2026-09-10 11:17:59.847 T:101983   debug <general>: CDirectoryProvider[sources://pictures/]: refreshing...
2026-09-10 11:17:59.847 T:101983   debug <general>: CDirectoryProvider[addons://sources/game/]: refreshing...
2026-09-10 11:17:59.848 T:102000   debug <general>: CAddonDatabase: SELECT repo.id FROM repo .. took 0 ms
2026-09-10 11:17:59.848 T:102000   debug <general>: CAddonDatabase: no valid repository, continuing
2026-09-10 11:17:59.848 T:102000   debug <general>: CAddonMgr::GetAvailableUpdatesOrOutdatedAddons took 1 ms
2026-09-10 11:17:59.849 T:101983    info <general>: removing tempfiles
2026-09-10 11:17:59.851 T:102000   debug <general>: CMultiPathDirectory::GetDirectory(multipath://special%3a%2f%2fprofile%2fplaylists%2fvideo/special%3a%2f%2fprofile%2fplaylists%2fmixed/)
2026-09-10 11:17:59.851 T:102000   debug <general>: Getting Directory (special://profile/playlists/video)
2026-09-10 11:17:59.851 T:102000   debug <general>: Getting Directory (special://profile/playlists/mixed)
2026-09-10 11:17:59.851 T:102000   debug <general>: CMultiPathDirectory::MergeItems, items = 0
2026-09-10 11:17:59.851 T:102070   debug <general>: CRecentlyAddedJob::UpdateMusic() - Running RecentlyAdded home screen update
2026-09-10 11:17:59.878 T:101983   debug <general>: CRepositoryUpdater: checking in 1ms
2026-09-10 11:17:59.878 T:102072   debug <general>: Thread Timer start, auto delete: false
2026-09-10 11:17:59.878 T:101983   debug <general>: CServiceAddonManager: starting service.xbmc.versioncheck
2026-09-10 11:17:59.878 T:102073   debug <general>: Thread LanguageInvoker start, auto delete: false
2026-09-10 11:17:59.878 T:101983    info <general>: initialize done
2026-09-10 11:17:59.878 T:101983    info <general>: Running the application...
2026-09-10 11:17:59.878 T:102073   debug <general>: initializing python script
2026-09-10 11:17:59.878 T:102073   debug <general>: CPythonInvoker(0, /opt/rk3588-mediabox/kodi/share/kodi/addons/service.xbmc.versioncheck/resources/lib/runner.py): start processing
2026-09-10 11:17:59.879 T:101983   debug <general>: NetworkMessage - Starting network services
2026-09-10 11:17:59.879 T:102072   debug <general>: CRepositoryUpdater: running scheduled update
2026-09-10 11:17:59.879 T:102072   debug <general>: Thread Timer 281472552331296 terminating
2026-09-10 11:17:59.880 T:101983    info <general>: CZeroconfAvahi::clientCallback: avahi server not available. But may become later...
2026-09-10 11:17:59.880 T:101983    info <general>: starting zeroconf publishing
2026-09-10 11:17:59.880 T:102075   debug <general>: Thread EventServer start, auto delete: false
2026-09-10 11:17:59.880 T:102075    info <general>: ES: Starting UDP Event server on port 9777
2026-09-10 11:17:59.880 T:102075    info <general>: UDP: Listening on port 9777 (ipv6 : false)
2026-09-10 11:17:59.880 T:101983    info <general>: JSONRPC Server: Successfully initialized
2026-09-10 11:17:59.881 T:102076   debug <general>: Thread TCPServer start, auto delete: false
2026-09-10 11:17:59.881 T:101983    info <CWebserver[8080]>: Started on port 8080
2026-09-10 11:17:59.881 T:102070   debug <general>: GetRecentlyAddedAlbumSongs() query: SELECT songview.*, songartistview.* FROM (SELECT idAlbum, dateAdded FROM album ORDER BY dateAdded DESC LIMIT 10) AS recentalbums JOIN songview ON songview.idAlbum = recentalbums.idAlbum JOIN songartistview ON songview.idSong = songartistview.idSong ORDER BY recentalbums.dateAdded DESC, songview.idAlbum DESC, songview.idSong, songartistview.idRole, songartistview.iOrder 
2026-09-10 11:17:59.881 T:102079   debug <general>: Thread WSDiscoveryListenerUDP start, auto delete: false
2026-09-10 11:17:59.881 T:101983   debug <general>: [threads] name: 'WSDiscoveryListenerUDP' priority: '1'
2026-09-10 11:17:59.881 T:101983    info <general>: CWSDiscoveryListenerUDP::Start - Started
2026-09-10 11:17:59.883 T:102070   debug <general>: bool CMusicDatabase::GetRecentlyAddedAlbums(std::vector<CAlbum>&, unsigned int): query: SELECT albumview.*, albumartistview.* FROM (SELECT idAlbum FROM album WHERE strAlbum != '' ORDER BY dateAdded DESC LIMIT 10) AS recentalbums JOIN albumview ON albumview.idAlbum = recentalbums.idAlbum JOIN albumartistview ON albumview.idAlbum = albumartistview.idAlbum ORDER BY dateAdded DESC, albumview.idAlbum desc, albumartistview.iOrder 
2026-09-10 11:17:59.889 T:102071   debug <general>: CRepositoryUpdateJob[repository.xbmc.org] checking for updates.
2026-09-10 11:17:59.889 T:102071   debug <general>: CurlFile::Open - <https://mirrors.kodi.tv/addons/piers/addons.xml.gz?sha256>
2026-09-10 11:17:59.890 T:102071   debug <general>: easy_acquire - Created session to https://mirrors.kodi.tv
2026-09-10 11:17:59.908 T:102000   debug <general>: CZeroconfAvahi::doPublishService identifier: servers.eventserver type: _xbmc-events._udp name:Kodi (orangepi5-ultra) eventserver port:9777
2026-09-10 11:17:59.908 T:102000   debug <general>: CZeroconfAvahi::doPublishService: client not running, queued for publishing
2026-09-10 11:17:59.908 T:102000   debug <general>: CZeroconfAvahi::doPublishService identifier: servers.jsonrpc-tcp type: _xbmc-jsonrpc._tcp name:Kodi (orangepi5-ultra) jsonrpc-tcp port:9090
2026-09-10 11:17:59.909 T:102000   debug <general>: CZeroconfAvahi::doPublishService: client not running, queued for publishing
2026-09-10 11:17:59.909 T:102000   debug <general>: CZeroconfAvahi::doPublishService identifier: servers.webserver type: _http._tcp name:Kodi (orangepi5-ultra) webserver port:8080
2026-09-10 11:17:59.909 T:102000   debug <general>: CZeroconfAvahi::doPublishService: client not running, queued for publishing
2026-09-10 11:17:59.909 T:102000   debug <general>: CZeroconfAvahi::doPublishService identifier: servers.jsonrpc-http type: _xbmc-jsonrpc-h._tcp name:Kodi (orangepi5-ultra) jsonrpc-http port:8080
2026-09-10 11:17:59.909 T:102000   debug <general>: CZeroconfAvahi::doPublishService: client not running, queued for publishing
2026-09-10 11:17:59.909 T:101983   debug <general>: ------ Window Init (Pointer.xml) ------
2026-09-10 11:17:59.909 T:102070   debug <general>: CRecentlyAddedJob::UpdateVideos() - Running RecentlyAdded home screen update
2026-09-10 11:17:59.927 T:102073   debug <general>: -->Python Interpreter Initialized<--
2026-09-10 11:17:59.927 T:102073   debug <general>: 
                                                   
2026-09-10 11:17:59.927 T:102073   debug <general>: CPythonInvoker(0, /opt/rk3588-mediabox/kodi/share/kodi/addons/service.xbmc.versioncheck/resources/lib/runner.py): the source file to load is "/opt/rk3588-mediabox/kodi/share/kodi/addons/service.xbmc.versioncheck/resources/lib/runner.py"
2026-09-10 11:17:59.927 T:102073   debug <general>: CPythonInvoker(0): full python path:
2026-09-10 11:17:59.927 T:102073   debug <general>: CPythonInvoker(0):   custom python path:
2026-09-10 11:17:59.927 T:102073   debug <general>: CPythonInvoker(0):     /opt/rk3588-mediabox/kodi/share/kodi/addons/service.xbmc.versioncheck/resources/lib
2026-09-10 11:17:59.927 T:102073   debug <general>: CPythonInvoker(0):   default python path:
2026-09-10 11:17:59.927 T:102073   debug <general>: CPythonInvoker(0):     /usr/lib/python313.zip
2026-09-10 11:17:59.927 T:102073   debug <general>: CPythonInvoker(0):     /usr/lib/python3.13
2026-09-10 11:17:59.927 T:102073   debug <general>: CPythonInvoker(0):     /usr/lib/python3.13/lib-dynload
2026-09-10 11:17:59.927 T:102073   debug <general>: CPythonInvoker(0):     /usr/local/lib/python3.13/dist-packages
2026-09-10 11:17:59.927 T:102073   debug <general>: CPythonInvoker(0):     /usr/lib/python3/dist-packages
2026-09-10 11:17:59.927 T:102073   debug <general>: CPythonInvoker(0): adding args:
2026-09-10 11:17:59.927 T:102073   debug <general>: CPythonInvoker(0):  
2026-09-10 11:17:59.927 T:102073   debug <general>: CPythonInvoker(0, /opt/rk3588-mediabox/kodi/share/kodi/addons/service.xbmc.versioncheck/resources/lib/runner.py): entering source directory /opt/rk3588-mediabox/kodi/share/kodi/addons/service.xbmc.versioncheck/resources/lib
2026-09-10 11:17:59.927 T:102073   debug <general>: CPythonInvoker(0, /opt/rk3588-mediabox/kodi/share/kodi/addons/service.xbmc.versioncheck/resources/lib/runner.py): instantiating addon using automatically obtained id of "service.xbmc.versioncheck" dependent on version 3.0.0 of the xbmc.python api
2026-09-10 11:17:59.928 T:102070   debug <general>: CRecentlyAddedJob::UpdateTotal() - Running RecentlyAdded home screen update
2026-09-10 11:17:59.985 T:102073   debug <general>: Version Check: Version 0.5.27+matrix.1 started
2026-09-10 11:18:00.346 T:102069   debug <general>: Thread Timer 281473030547488 terminating
2026-09-10 11:18:00.386 T:101983   debug <general>: LogindUPowerSyscall - Received unknown signal NameAcquired
2026-09-10 11:18:00.467 T:102071   debug <general>: CurlFile::Open - <https://mirrors.kodi.tv/addons/piers/addons.xml.gz>
2026-09-10 11:18:00.940 T:102071   debug <general>: CCurlFile::Open - <https://mirrors.kodi.tv/addons/piers/addons.xml.gz> Effective URL is https://ftp.snt.utwente.nl/pub/software/xbmc/addons/piers/addons.xml.gz
2026-09-10 11:18:01.686 T:102071   debug <general>: CRepository 'https://mirrors.kodi.tv/addons/piers/addons.xml.gz' is gzip. decompressing
2026-09-10 11:18:02.315 T:102071   debug <general>: CRepositoryUpdater: done.
2026-09-10 11:18:02.316 T:102071   debug <general>: CAddonDatabase: SELECT repo.id FROM repo .. took 0 ms
2026-09-10 11:18:02.320 T:102071   debug <general>: CAddonDatabase: query  SELECT addons.*, repo.addonID AS repoID FROM addons JOIN addonlinkrepo ON addons.id=addonlinkrepo.idAddon JOIN repo ON repo.id=addonlinkrepo.idRepo WHERE addonlinkrepo.idRepo IN (1) ORDER BY repo.addonID, addons.addonID returned 805 rows in 3 ms
2026-09-10 11:18:02.352 T:102071   debug <general>: CAddonDatabase::GetAddons took 35 ms
2026-09-10 11:18:02.355 T:102071   debug <general>: CAddonMgr::GetAvailableUpdatesOrOutdatedAddons took 39 ms
2026-09-10 11:18:02.359 T:102071   debug <general>: CAddonDatabase: SELECT repo.id FROM repo .. took 0 ms
2026-09-10 11:18:02.363 T:102071   debug <general>: CAddonDatabase: query  SELECT addons.*, repo.addonID AS repoID FROM addons JOIN addonlinkrepo ON addons.id=addonlinkrepo.idAddon JOIN repo ON repo.id=addonlinkrepo.idRepo WHERE addonlinkrepo.idRepo IN (1) ORDER BY repo.addonID, addons.addonID returned 805 rows in 4 ms
2026-09-10 11:18:02.395 T:102071   debug <general>: CAddonDatabase::GetAddons took 35 ms
2026-09-10 11:18:02.398 T:102071   debug <general>: CAddonMgr::GetAvailableUpdatesOrOutdatedAddons took 39 ms
2026-09-10 11:18:02.402 T:102071   debug <general>: CurlFile::Open - <https://mirrors.kodi.tv/addons/piers/service.xbmc.versioncheck/service.xbmc.versioncheck-0.5.30+matrix.1.zip>
2026-09-10 11:18:02.578 T:102071   debug <general>: Resolved addon path https://mirrors.kodi.tv/addons/piers/service.xbmc.versioncheck/service.xbmc.versioncheck-0.5.30+matrix.1.zip to https://ftp.halifax.rwth-aachen.de/xbmc/addons/piers/service.xbmc.versioncheck/service.xbmc.versioncheck-0.5.30+matrix.1.zip hash 5184898b1749d288686061dc1756ec02f6db81a640f28d8576b4a1292d1f085d
2026-09-10 11:18:02.579 T:102071   debug <general>: easy_acquire - Created session to https://ftp.halifax.rwth-aachen.de
2026-09-10 11:18:02.784 T:102071   debug <general>: CurlFile::Open - <https://ftp.halifax.rwth-aachen.de/xbmc/addons/piers/service.xbmc.versioncheck/service.xbmc.versioncheck-0.5.30+matrix.1.zip>
2026-09-10 11:18:03.121 T:102071   debug <general>: bool ADDON::CAddonMgr::UnloadAddon(const std::string&): service.xbmc.versioncheck unloaded
2026-09-10 11:18:03.121 T:102071   debug <general>: CServiceAddonManager: stopping service.xbmc.versioncheck.
2026-09-10 11:18:03.121 T:102071   debug <general>: CPythonInvoker(0, /opt/rk3588-mediabox/kodi/share/kodi/addons/service.xbmc.versioncheck/resources/lib/runner.py): trigger Monitor abort request
2026-09-10 11:18:03.122 T:102073   debug <general>: CPythonInvoker(0, /opt/rk3588-mediabox/kodi/share/kodi/addons/service.xbmc.versioncheck/resources/lib/runner.py): script aborted
2026-09-10 11:18:03.122 T:102073   debug <general>: onExecutionDone(0, /opt/rk3588-mediabox/kodi/share/kodi/addons/service.xbmc.versioncheck/resources/lib/runner.py)
2026-09-10 11:18:03.130 T:102073   debug <general>: .
2026-09-10 11:18:03.146 T:102073   debug <general>: Python interpreter interrupted by user
2026-09-10 11:18:03.146 T:102071   debug <general>: CPythonInvoker(0, /opt/rk3588-mediabox/kodi/share/kodi/addons/service.xbmc.versioncheck/resources/lib/runner.py): script termination took 25ms
2026-09-10 11:18:03.146 T:102073   debug <general>: Thread LanguageInvoker 281472543877152 terminating
2026-09-10 11:18:03.148 T:102071   debug <general>: CAddonDatabase: SELECT repo.id FROM repo .. took 0 ms
2026-09-10 11:18:03.160 T:102071   debug <general>: CAddonDatabase: query  SELECT addons.*, repo.addonID AS repoID FROM addons JOIN addonlinkrepo ON addons.id=addonlinkrepo.idAddon JOIN repo ON repo.id=addonlinkrepo.idRepo WHERE addonlinkrepo.idRepo IN (1) ORDER BY repo.addonID, addons.addonID returned 805 rows in 12 ms
2026-09-10 11:18:03.214 T:102071   debug <general>: CAddonDatabase::GetAddons took 65 ms
2026-09-10 11:18:03.217 T:102071   debug <general>: Unpacking zip://special%3a%2f%2fhome%2faddons%2fpackages%2fservice.xbmc.versioncheck-0.5.30%20matrix.1.zip/service.xbmc.versioncheck/ to /var/tmp/kodi-home/.kodi/addons/temp/d17a91ec-b49d-49d6-9299-97c0a58fe9df
2026-09-10 11:18:03.268 T:102071   error <general>: GetDirectory - Error getting /opt/rk3588-mediabox/kodi/lib/kodi/addons
2026-09-10 11:18:03.268 T:102071   error <general>: GetDirectory - Error getting special://xbmcbin/addons
2026-09-10 11:18:03.272 T:102071   debug <general>: static bool ADDON::CAddonInfoBuilder::ParseXMLTypes(ADDON::CAddonType&, const ADDON::AddonInfoPtr&, const tinyxml2::XMLElement*): Binary addon found: screensaver.xbmc.builtin.black
2026-09-10 11:18:03.274 T:102071   debug <general>: static bool ADDON::CAddonInfoBuilder::ParseXMLTypes(ADDON::CAddonType&, const ADDON::AddonInfoPtr&, const tinyxml2::XMLElement*): Binary addon found: audioencoder.kodi.builtin.aac
2026-09-10 11:18:03.276 T:102071   debug <general>: static bool ADDON::CAddonInfoBuilder::ParseXMLTypes(ADDON::CAddonType&, const ADDON::AddonInfoPtr&, const tinyxml2::XMLElement*): Binary addon found: screensaver.xbmc.builtin.dim
2026-09-10 11:18:03.276 T:102071   debug <general>: static bool ADDON::CAddonInfoBuilder::ParseXMLTypes(ADDON::CAddonType&, const ADDON::AddonInfoPtr&, const tinyxml2::XMLElement*): Binary addon found: audioencoder.kodi.builtin.wma
2026-09-10 11:18:03.277 T:102071   debug <general>: void ADDON::CAddonMgr::FindAddons(ADDON::AddonInfoMap&, const std::string&) const: Addon 'service.xbmc.versioncheck' already present with version 0.5.27+matrix.1 at '/opt/rk3588-mediabox/kodi/share/kodi/addons/service.xbmc.versioncheck/' replaced with version 0.5.30+matrix.1 at '/var/tmp/kodi-home/.kodi/addons/service.xbmc.versioncheck/'
2026-09-10 11:18:03.277 T:102071    info <general>: Addon Manager: Found addon: 'service.xbmc.versioncheck v0.5.30+matrix.1'
2026-09-10 11:18:03.278 T:102071   debug <general>: CAddonMgr: service.xbmc.versioncheck successfully loaded
2026-09-10 11:18:03.278 T:102070   debug <general>: ContextMenuManager: addon menus reloaded.
2026-09-10 11:18:03.278 T:102070   debug <general>: CServiceAddonManager: starting service.xbmc.versioncheck
2026-09-10 11:18:03.278 T:102071   debug <general>: LocalizeStrings: loaded 22 strings from file /var/tmp/kodi-home/.kodi/addons/service.xbmc.versioncheck/resources/language/resource.language.en_gb/strings.po
2026-09-10 11:18:03.278 T:102104   debug <general>: Thread LanguageInvoker start, auto delete: false
2026-09-10 11:18:03.278 T:102104   debug <general>: initializing python script
2026-09-10 11:18:03.278 T:102104   debug <general>: CPythonInvoker(1, /var/tmp/kodi-home/.kodi/addons/service.xbmc.versioncheck/resources/lib/runner.py): start processing
2026-09-10 11:18:03.292 T:102071   debug <general>: CRepositoryUpdater: closest next update check at 09/10/2026 5:18:02 PM (in 21599s)
2026-09-10 11:18:03.292 T:102071   debug <general>: CRepositoryUpdater: checking in 21599000ms
2026-09-10 11:18:03.292 T:102105   debug <general>: Thread Timer start, auto delete: false
2026-09-10 11:18:03.294 T:102104   debug <general>: -->Python Interpreter Initialized<--
2026-09-10 11:18:03.294 T:102104   debug <general>: 
                                                   
2026-09-10 11:18:03.294 T:102104   debug <general>: CPythonInvoker(1, /var/tmp/kodi-home/.kodi/addons/service.xbmc.versioncheck/resources/lib/runner.py): the source file to load is "/var/tmp/kodi-home/.kodi/addons/service.xbmc.versioncheck/resources/lib/runner.py"
2026-09-10 11:18:03.294 T:102104   debug <general>: CPythonInvoker(1): full python path:
2026-09-10 11:18:03.294 T:102104   debug <general>: CPythonInvoker(1):   custom python path:
2026-09-10 11:18:03.294 T:102104   debug <general>: CPythonInvoker(1):     /var/tmp/kodi-home/.kodi/addons/service.xbmc.versioncheck/resources/lib
2026-09-10 11:18:03.294 T:102104   debug <general>: CPythonInvoker(1):   default python path:
2026-09-10 11:18:03.294 T:102104   debug <general>: CPythonInvoker(1):     /usr/lib/python313.zip
2026-09-10 11:18:03.294 T:102104   debug <general>: CPythonInvoker(1):     /usr/lib/python3.13
2026-09-10 11:18:03.294 T:102104   debug <general>: CPythonInvoker(1):     /usr/lib/python3.13/lib-dynload
2026-09-10 11:18:03.294 T:102104   debug <general>: CPythonInvoker(1):     /usr/local/lib/python3.13/dist-packages
2026-09-10 11:18:03.294 T:102104   debug <general>: CPythonInvoker(1):     /usr/lib/python3/dist-packages
2026-09-10 11:18:03.294 T:102104   debug <general>: CPythonInvoker(1): adding args:
2026-09-10 11:18:03.294 T:102104   debug <general>: CPythonInvoker(1):  
2026-09-10 11:18:03.294 T:102104   debug <general>: CPythonInvoker(1, /var/tmp/kodi-home/.kodi/addons/service.xbmc.versioncheck/resources/lib/runner.py): entering source directory /var/tmp/kodi-home/.kodi/addons/service.xbmc.versioncheck/resources/lib
2026-09-10 11:18:03.294 T:102104   debug <general>: CPythonInvoker(1, /var/tmp/kodi-home/.kodi/addons/service.xbmc.versioncheck/resources/lib/runner.py): instantiating addon using automatically obtained id of "service.xbmc.versioncheck" dependent on version 3.0.0 of the xbmc.python api
2026-09-10 11:18:03.362 T:102104   debug <general>: Version Check: Version 0.5.30+matrix.1 started
2026-09-10 11:18:03.543 T:101983   debug <general>: ------ Window Deinit (Pointer.xml) ------
2026-09-10 11:18:04.252 T:102124   debug <CWebserver[8080]>: request received for /jsonrpc
2026-09-10 11:18:06.068 T:102445    info <general>: Skipped 2 duplicate messages..
2026-09-10 11:18:06.068 T:102445   debug <general>: [WHITELIST] whitelisted modes:
                                                   3840x2560 @ 49.980923 Hz
                                                   3840x2160 @ 120.000000 Hz
                                                   3840x2160 @ 60.000000 Hz
                                                   3840x2160 @ 59.940102 Hz
                                                   3840x2160 @ 50.000000 Hz
                                                   3840x2160 @ 30.000000 Hz
                                                   3840x2160 @ 29.969999 Hz
                                                   3840x2160 @ 25.000000 Hz
                                                   3840x2160 @ 24.000000 Hz
                                                   3840x2160 @ 23.976000 Hz
                                                   2560x1440 @ 59.950550 Hz
                                                   1920x1200 @ 59.950172 Hz
                                                   1920x1080 @ 120.000000 Hz
                                                   1920x1080 @ 119.879997 Hz
                                                   1920x1080 @ 100.000000 Hz
                                                   1920x1080 @ 60.000000 Hz
                                                   1920x1080 @ 59.940201 Hz
                                                   1920x1080 @ 50.000000 Hz
                                                   1920x1080 @ 30.000000 Hz
                                                   1920x1080 @ 29.970100 Hz
                                                   1920x1080 @ 25.000000 Hz
                                                   1920x1080 @ 24.000000 Hz
                                                   1920x1080 @ 23.976080 Hz
                                                   1680x1050 @ 59.883251 Hz
                                                   1600x900 @ 60.000000 Hz
                                                   1440x900 @ 59.901459 Hz
                                                   1280x1024 @ 75.024673 Hz
                                                   1280x1024 @ 60.019741 Hz
                                                   1280x960 @ 60.000000 Hz
                                                   1280x800 @ 59.909546 Hz
                                                   1280x720 @ 60.000000 Hz
                                                   1280x720 @ 59.940201 Hz
                                                   1280x720 @ 50.000000 Hz
                                                   1152x864 @ 75.000000 Hz
                                                   1024x768 @ 75.028580 Hz
                                                   1024x768 @ 60.003841 Hz
2026-09-10 11:18:06.918 T:102639   debug <CWebserver[8080]>: request received for /jsonrpc
2026-09-10 11:18:08.369 T:102104    info <general>: Skipped 1 duplicate messages..
2026-09-10 11:18:08.369 T:102104   debug <general>: Version Check: Version installed {'major': 22, 'minor': 0, 'revision': '20260831-e513e0ff43', 'tag': 'beta', 'tagversion': '2'}
2026-09-10 11:18:08.369 T:102104   debug <general>: CPythonInvoker(1, /var/tmp/kodi-home/.kodi/addons/service.xbmc.versioncheck/resources/lib/runner.py): script successfully run
2026-09-10 11:18:08.370 T:102104   debug <general>: onExecutionDone(1, /var/tmp/kodi-home/.kodi/addons/service.xbmc.versioncheck/resources/lib/runner.py)
2026-09-10 11:18:08.390 T:102104   debug <general>: .
2026-09-10 11:18:08.428 T:102104   debug <general>: Python interpreter stopped
2026-09-10 11:18:08.428 T:102104   debug <general>: Thread LanguageInvoker 281472543877152 terminating
2026-09-10 11:18:11.884 T:102079   debug <general>: CurlFile::Open - <http://192.168.2.151:5357/04075dc3-153a-4bf1-accc-f42fc91f352c/>
2026-09-10 11:18:11.885 T:102079   debug <general>: easy_acquire - Created session to http://192.168.2.151
2026-09-10 11:18:23.894 T:102079   debug <general>: CurlFile::Open - <http://192.168.2.162:5357/f91be23e-8b29-4222-a754-fd229941e9c0/>
2026-09-10 11:18:23.894 T:102079   debug <general>: easy_acquire - Created session to http://192.168.2.162
2026-09-10 11:18:23.898 T:102079   debug <general>: CurlFile::Open - <http://192.168.2.122:5357/429d5f54-b4fc-461c-adf5-c1e43edd0c8f/>
2026-09-10 11:18:23.898 T:102079   debug <general>: easy_acquire - Created session to http://192.168.2.122
2026-09-10 11:18:23.901 T:102079   debug <general>: CurlFile::Open - <http://192.168.2.60:5357/f9f1d039-cdb3-4bfe-a5ea-67db902ff923/>
2026-09-10 11:18:23.901 T:102079   debug <general>: easy_acquire - Created session to http://192.168.2.60
2026-09-10 11:18:31.922 T:102079   debug <general>: CurlFile::Open - <http://192.168.2.71:5357/0c4798d1-7b45-48ce-94f2-9007b309c6da/>
2026-09-10 11:18:31.923 T:102079   debug <general>: easy_acquire - Created session to http://192.168.2.71
2026-09-10 11:18:31.991 T:102079   debug <general>: CurlFile::Open - <http://192.168.2.111:5357/31bfde6f-3546-44d2-a3b3-3772598711a3/>
2026-09-10 11:18:31.992 T:102079   debug <general>: easy_acquire - Created session to http://192.168.2.111
2026-09-10 11:18:32.653 T:101983   debug <general>: CheckIdle - Closing session to https://mirrors.kodi.tv (easy=0xffff64026ea0, multi=0xffff640135d0)
2026-09-10 11:18:33.160 T:101983   debug <general>: CheckIdle - Closing session to https://ftp.halifax.rwth-aachen.de (easy=0xffff6663fa30, multi=0xffff64368f70)
2026-09-10 11:18:33.292 T:102070   debug <general>: Thread JobWorker 281472979822624 terminating (autodelete)
2026-09-10 11:18:33.292 T:102071   debug <general>: Thread JobWorker 281472560785440 terminating (autodelete)
2026-09-10 11:18:33.292 T:102000   debug <general>: Thread JobWorker 281473382475808 terminating (autodelete)
2026-09-10 11:18:33.560 T:102830   debug <CWebserver[8080]>: request received for /jsonrpc
2026-09-10 11:18:33.588 T:101983   debug <general>: CPlayerCoreFactory::GetPlayers(/var/tmp/mp1b/past-lives.mkv)
2026-09-10 11:18:33.588 T:101983   debug <general>: CPlayerSelectionRule::GetPlayers: considering rule: system rules
2026-09-10 11:18:33.588 T:101983   debug <general>: CPlayerSelectionRule::GetPlayers: matches rule: system rules
2026-09-10 11:18:33.588 T:101983   debug <general>: CPlayerSelectionRule::GetPlayers: considering rule: mms/udp
2026-09-10 11:18:33.589 T:101983   debug <general>: CPlayerSelectionRule::GetPlayers: considering rule: lastfm/shout
2026-09-10 11:18:33.589 T:101983   debug <general>: CPlayerSelectionRule::GetPlayers: considering rule: rtmp
2026-09-10 11:18:33.589 T:101983   debug <general>: CPlayerSelectionRule::GetPlayers: considering rule: rtsp
2026-09-10 11:18:33.589 T:101983   debug <general>: CPlayerSelectionRule::GetPlayers: considering rule: streams
2026-09-10 11:18:33.589 T:101983   debug <general>: CPlayerSelectionRule::GetPlayers: considering rule: dvd
2026-09-10 11:18:33.589 T:101983   debug <general>: CPlayerSelectionRule::GetPlayers: considering rule: discimage
2026-09-10 11:18:33.589 T:101983   debug <general>: CPlayerSelectionRule::GetPlayers: considering rule: sdp/asf
2026-09-10 11:18:33.589 T:101983   debug <general>: CPlayerSelectionRule::GetPlayers: considering rule: nsv
2026-09-10 11:18:33.589 T:101983   debug <general>: CPlayerSelectionRule::GetPlayers: considering rule: radio
2026-09-10 11:18:33.589 T:101983   debug <general>: CPlayerCoreFactory::GetPlayers: matched 0 rules with players
2026-09-10 11:18:33.589 T:101983   debug <general>: CPlayerCoreFactory::GetPlayers: adding videodefaultplayer (VideoPlayer)
2026-09-10 11:18:33.589 T:101983   debug <general>: CPlayerCoreFactory::GetPlayers: for video=true, audio=false
2026-09-10 11:18:33.589 T:101983   debug <general>: CPlayerCoreFactory::GetPlayers: for video=true, audio=true
2026-09-10 11:18:33.589 T:101983   debug <general>: CPlayerCoreFactory::GetPlayers: added 1 players
2026-09-10 11:18:33.589 T:101983   debug <general>: CPlayerCoreFactory::GetPlayers(/var/tmp/mp1b/past-lives.mkv)
2026-09-10 11:18:33.589 T:101983   debug <general>: CPlayerSelectionRule::GetPlayers: considering rule: system rules
2026-09-10 11:18:33.589 T:101983   debug <general>: CPlayerSelectionRule::GetPlayers: matches rule: system rules
2026-09-10 11:18:33.589 T:101983   debug <general>: CPlayerSelectionRule::GetPlayers: considering rule: mms/udp
2026-09-10 11:18:33.589 T:101983   debug <general>: CPlayerSelectionRule::GetPlayers: considering rule: lastfm/shout
2026-09-10 11:18:33.589 T:101983   debug <general>: CPlayerSelectionRule::GetPlayers: considering rule: rtmp
2026-09-10 11:18:33.589 T:101983   debug <general>: CPlayerSelectionRule::GetPlayers: considering rule: rtsp
2026-09-10 11:18:33.589 T:101983   debug <general>: CPlayerSelectionRule::GetPlayers: considering rule: streams
2026-09-10 11:18:33.589 T:101983   debug <general>: CPlayerSelectionRule::GetPlayers: considering rule: dvd
2026-09-10 11:18:33.589 T:101983   debug <general>: CPlayerSelectionRule::GetPlayers: considering rule: discimage
2026-09-10 11:18:33.589 T:101983   debug <general>: CPlayerSelectionRule::GetPlayers: considering rule: sdp/asf
2026-09-10 11:18:33.589 T:101983   debug <general>: CPlayerSelectionRule::GetPlayers: considering rule: nsv
2026-09-10 11:18:33.589 T:101983   debug <general>: CPlayerSelectionRule::GetPlayers: considering rule: radio
2026-09-10 11:18:33.589 T:101983   debug <general>: CPlayerCoreFactory::GetPlayers: matched 0 rules with players
2026-09-10 11:18:33.589 T:101983   debug <general>: CPlayerCoreFactory::GetPlayers: adding videodefaultplayer (VideoPlayer)
2026-09-10 11:18:33.589 T:101983   debug <general>: CPlayerCoreFactory::GetPlayers: for video=true, audio=false
2026-09-10 11:18:33.589 T:101983   debug <general>: CPlayerCoreFactory::GetPlayers: for video=true, audio=true
2026-09-10 11:18:33.589 T:101983   debug <general>: CPlayerCoreFactory::GetPlayers: added 1 players
2026-09-10 11:18:33.590 T:101983   debug <general>: Radio UECP (RDS) Processor - new CDVDRadioRDSData
2026-09-10 11:18:33.590 T:101983   debug <general>: Audio ID3 tag processor - new CVideoPlayerAudioID3
2026-09-10 11:18:33.590 T:101983    info <general>: VideoPlayer::OpenFile: /var/tmp/mp1b/past-lives.mkv
2026-09-10 11:18:33.590 T:101983   debug <general>: GLES: HQ scaler precision=10, intermediate format=0x8059
2026-09-10 11:18:33.590 T:102831   debug <general>: Thread VideoPlayer start, auto delete: false
2026-09-10 11:18:33.590 T:101983   debug <general>: virtual void CApplicationPlayerCallback::OnPlayBackStarted(const CFileItem&): call
2026-09-10 11:18:33.590 T:102832   debug <general>: Thread JobWorker start, auto delete: true
2026-09-10 11:18:33.590 T:102832   debug <general>: [threads] name: 'JobWorker' priority: '1'
2026-09-10 11:18:33.590 T:102831    info <general>: Creating InputStream
2026-09-10 11:18:33.601 T:102832   debug <general>: Loading settings for /var/tmp/mp1b/past-lives.mkv
2026-09-10 11:18:33.601 T:102831   debug <general>: ScanForExternalSubtitles: Searching for subtitles...
2026-09-10 11:18:33.602 T:102831   debug <general>: ScanForExternalSubtitles: END (total time: 0 ms)
2026-09-10 11:18:33.602 T:102831    info <general>: Creating Demuxer
2026-09-10 11:18:33.602 T:102831   debug <general>: Open - probing detected format [matroska,webm]
2026-09-10 11:18:33.602 T:102831   debug <general>: Open - avformat_find_stream_info starting
2026-09-10 11:18:33.603 T:101983   debug <general>: CVideoGUIInfo::InitCurrentItem(/var/tmp/mp1b/past-lives.mkv)
2026-09-10 11:18:33.604 T:102831   debug <general>: Open - av_find_stream_info finished
2026-09-10 11:18:33.604 T:102831    info <general>: ffmpeg[0xaaaaf56c46b0]: Input #0, matroska,webm, from '/var/tmp/mp1b/past-lives.mkv':
2026-09-10 11:18:33.604 T:102831    info <general>: ffmpeg[0xaaaaf56c46b0]:   Metadata:
2026-09-10 11:18:33.604 T:102831    info <general>: ffmpeg[0xaaaaf56c46b0]:     encoder         : libebml v1.4.4 + libmatroska v1.7.1
2026-09-10 11:18:33.604 T:102831    info <general>: ffmpeg[0xaaaaf56c46b0]:   Duration: 01:45:43.52, start: 0.000000, bitrate: 15236 kb/s
2026-09-10 11:18:33.604 T:102831    info <general>: ffmpeg[0xaaaaf56c46b0]:   Stream #0:0: Video: hevc (Main 10), yuv420p10le(tv, bt2020nc/bt2020/smpte2084), 3840x2080 [SAR 481:480 DAR 37:20], 23.98 fps, 23.98 tbr, 1k tbn (default)
2026-09-10 11:18:33.604 T:102831    info <general>: ffmpeg[0xaaaaf56c46b0]:   Stream #0:1(eng): Audio: eac3, 48000 Hz, 5.1(side), fltp, 640 kb/s (default)
2026-09-10 11:18:33.604 T:102831    info <general>: ffmpeg[0xaaaaf56c46b0]:   Stream #0:2(eng): Subtitle: ass (ssa) (default) (forced)
2026-09-10 11:18:33.604 T:102831    info <general>: ffmpeg[0xaaaaf56c46b0]:     Metadata:
2026-09-10 11:18:33.604 T:102831    info <general>: ffmpeg[0xaaaaf56c46b0]:       title           : English [Forced]
2026-09-10 11:18:33.604 T:102831    info <general>: ffmpeg[0xaaaaf56c46b0]:   Stream #0:3(eng): Subtitle: ass (ssa)
2026-09-10 11:18:33.604 T:102831    info <general>: ffmpeg[0xaaaaf56c46b0]:     Metadata:
2026-09-10 11:18:33.604 T:102831    info <general>: ffmpeg[0xaaaaf56c46b0]:       title           : English [SDH]
2026-09-10 11:18:33.604 T:102831    info <general>: ffmpeg[0xaaaaf56c46b0]:   Stream #0:4(fre): Subtitle: ass (ssa)
2026-09-10 11:18:33.604 T:102831    info <general>: ffmpeg[0xaaaaf56c46b0]:     Metadata:
2026-09-10 11:18:33.604 T:102831    info <general>: ffmpeg[0xaaaaf56c46b0]:       title           : French Canadian [SDH]
2026-09-10 11:18:33.604 T:102831   debug <general>: CDVDDemuxFFmpeg::AddStream ID: 0
2026-09-10 11:18:33.604 T:102831   debug <general>: CDVDDemuxFFmpeg::AddStream ID: 1
2026-09-10 11:18:33.604 T:102831   debug <general>: CDVDDemuxFFmpeg::AddStream ID: 2
2026-09-10 11:18:33.604 T:102831   debug <general>: CDVDDemuxFFmpeg::AddStream ID: 3
2026-09-10 11:18:33.604 T:102831   debug <general>: CDVDDemuxFFmpeg::AddStream ID: 4
2026-09-10 11:18:33.604 T:102831    info <general>: Opening stream: 0 source: 256
2026-09-10 11:18:33.604 T:102831    info <general>: [WHITELIST] Searching the whitelist for: width: 3840, height: 2080, fps: 23.976, 3D: false
2026-09-10 11:18:33.604 T:102831   debug <general>: [WHITELIST] Searching for an exact resolution with an exact refresh rate
2026-09-10 11:18:33.605 T:102831   debug <general>: [WHITELIST] Matched an exact resolution with an exact refresh rate 3840x2160 @ 23.976000 Hz (26)
2026-09-10 11:18:33.605 T:102831    info <general>: Display resolution ADJUST : 3840x2160 @ 23.976000 Hz (26) (weight: 0.000)
2026-09-10 11:18:33.606 T:101983   debug <general>: virtual bool CVideoThumbLoader::LoadItemLookup(CFileItem*): trying to extract filestream details from video file /var/tmp/mp1b/past-lives.mkv
2026-09-10 11:18:33.607 T:101983   debug <general>: Open - probing detected format [matroska,webm]
2026-09-10 11:18:33.607 T:101983   debug <general>: Open - avformat_find_stream_info starting
2026-09-10 11:18:33.608 T:101983   debug <general>: Open - av_find_stream_info finished
2026-09-10 11:18:33.608 T:101983   debug <general>: CDVDDemuxFFmpeg::AddStream ID: 0
2026-09-10 11:18:33.608 T:101983   debug <general>: CDVDDemuxFFmpeg::AddStream ID: 1
2026-09-10 11:18:33.608 T:101983   debug <general>: CDVDDemuxFFmpeg::AddStream ID: 2
2026-09-10 11:18:33.608 T:101983   debug <general>: CDVDDemuxFFmpeg::AddStream ID: 3
2026-09-10 11:18:33.608 T:101983   debug <general>: CDVDDemuxFFmpeg::AddStream ID: 4
2026-09-10 11:18:33.608 T:101983    info <general>: CDVDVideoCodecFFmpeg::Open() Using codec: HEVC (High Efficiency Video Coding)
2026-09-10 11:18:33.608 T:101983   debug <general>: CDVDVideoCodecFFmpeg - Updated codec: ff-hevc
2026-09-10 11:18:33.608 T:101983   debug <general>: bool GetDetailsFromFrame(CDemuxStreamVideo*, CDVDDemux*, CStreamDetailVideo&): seeking to pos 1268704 ms (total: 6343520 ms)
2026-09-10 11:18:33.677 T:101983   debug <general>: SeekTime - seek ended up on time 1267266
2026-09-10 11:18:34.259 T:101983   debug <general>: ffmpeg[0x0]: [src] Changing video frame properties on the fly is not supported by all filters.
2026-09-10 11:18:34.259 T:101983   debug <general>: ffmpeg[0x0]: [src] filter context - w: 3840 h: 2080 fmt: 62 csp: unknown range: unknown alpha: unspecified, incoming frame - w: 3840 h: 2080 fmt: 62 csp: bt2020nc range: tv alpha: unspecified pts_time: 1267266000
2026-09-10 11:18:34.322 T:101983   debug <general>: ScanForExternalSubtitles: Searching for subtitles...
2026-09-10 11:18:34.322 T:101983   debug <general>: ScanForExternalSubtitles: END (total time: 0 ms)
2026-09-10 11:18:34.339 T:101983   debug <general>: CPlayerGUIInfo::InitCurrentItem(/var/tmp/mp1b/past-lives.mkv)
2026-09-10 11:18:34.439 T:101983   debug <general>: ------ Window Init (DialogBusy.xml) ------
2026-09-10 11:18:34.440 T:101983   debug <general>: CWinSystemGbmGLESContext::SetFullScreen - resolution changed, creating a new window
2026-09-10 11:18:34.440 T:101983   debug <general>: OnLostDevice - notify display change event
2026-09-10 11:18:34.440 T:101983    info <general>: VideoPlayer: OnLostDisplay received
2026-09-10 11:18:34.441 T:101983   debug <general>: Flush - flushing renderer
2026-09-10 11:18:34.442 T:101983   debug <general>: void {anonymous}::DrmFbDestroyCallback(gbm_bo*, void*): Removing framebuffer: 334
2026-09-10 11:18:34.443 T:101983   debug <general>: CWinSystemGbmEGLContext::DestroyWindow - deinitialized GBM
2026-09-10 11:18:34.443 T:101983   debug <general>: virtual bool KODI::WINDOWING::GBM::CDRMUtils::SetMode(const RESOLUTION_INFO&): Found crtc mode: 3840x2160 @ 24 Hz
2026-09-10 11:18:34.443 T:101983   debug <general>: CGBMUtils::CreateSurface - created surface with size 3840x2160
2026-09-10 11:18:34.446 T:101983   debug <general>: bool KODI::WINDOWING::GBM::CDRMPlane::SupportsFormatAndModifier(uint32_t, uint64_t): found plane format (AR24) and modifier (LINEAR)
2026-09-10 11:18:34.446 T:101983    info <general>: bool KODI::WINDOWING::GBM::CDRMUtils::FindGuiPlane(uint32_t, uint64_t): Using existing gui plane [3840x2160] id:57, format:AR24, modifier:LINEAR, crtc id:89
2026-09-10 11:18:34.446 T:101983   debug <general>: CWinSystemGbmEGLContext::CreateNewWindow - initialized GBM
2026-09-10 11:18:34.449 T:101983   debug <general>: OnLostDevice - notify display change event
2026-09-10 11:18:34.449 T:101983    info <general>: VideoPlayer: OnLostDisplay received
2026-09-10 11:18:34.449 T:101983   debug <general>: Flush - flushing renderer
2026-09-10 11:18:34.450 T:101983   debug <general>: virtual bool KODI::WINDOWING::GBM::CDRMUtils::SetMode(const RESOLUTION_INFO&): Found crtc mode: 3840x2160 @ 24 Hz
2026-09-10 11:18:34.450 T:101983   debug <general>: virtual void KODI::WINDOWING::GBM::CDRMAtomic::FlipPage(gbm_bo*, bool, bool, bool): Execute modeset at next commit
2026-09-10 11:18:34.540 T:101998   error <general>: CAESinkALSA - snd_pcm_writei(-77) File descriptor in bad state - trying to recover, state=SETUP
2026-09-10 11:18:34.541 T:101998    info <general>: CAESinkALSA::HandleError(snd_pcm_writei(1)) - the PCM was stopped underneath us (SETUP), preparing it again
2026-09-10 11:18:34.541 T:101998    info <general>: CAESinkALSA::HandleError(snd_pcm_writei(1)) - prepared, state is now PREPARED
2026-09-10 11:18:34.582 T:101983    info <general>: GLES: Maximum texture width: 16383
2026-09-10 11:18:34.584 T:102831    info <general>: Creating video codec: hevc
2026-09-10 11:18:34.585 T:102831    info <general>: CDVDVideoCodecDRMPRIME::Open - using decoder Rockchip MPP (Media Process Platform) HEVC decoder
2026-09-10 11:18:34.585 T:102831   debug <general>: CDVDVideoCodecDRMPRIME::Open - creating rkmpp hwdevice context using device: (null)
2026-09-10 11:18:34.586 T:102831   debug <general>: CVideoPlayerVideo::OpenStream - open stream with codec: hevc
2026-09-10 11:18:34.586 T:102831    info <general>: Creating video thread
2026-09-10 11:18:34.586 T:103010   debug <general>: Thread VideoPlayerVideo start, auto delete: false
2026-09-10 11:18:34.586 T:103010    info <general>: running thread: video_thread
2026-09-10 11:18:34.586 T:103010   debug <general>: CVideoPlayerVideo - CDVDMsg::GENERAL_PAUSE: true
2026-09-10 11:18:34.586 T:102831   debug <general>: bool CEdl::ReadEditDecisionLists(const CFileItem&, float, std::chrono::milliseconds): Checking for edit decision lists (EDL) for: /var/tmp/mp1b/past-lives.mkv
2026-09-10 11:18:34.590 T:102831   debug <general>: CVideoPlayer::OpenStream: m_bFullScreenVideo set pre-Configure, viewport 3840x2160
2026-09-10 11:18:34.590 T:102831    info <general>: Opening stream: 1 source: 256
2026-09-10 11:18:34.590 T:102831    info <general>: Finding audio codec for: 86056
2026-09-10 11:18:34.590 T:102831    info <general>: CDVDAudioCodecFFmpeg::Open() Successful opened audio decoder eac3
2026-09-10 11:18:34.590 T:102831    info <general>: void CVideoPlayerAudio::OpenStream(CDVDStreamInfo&, std::unique_ptr<CDVDAudioCodec>): Allowing max Out-Of-Sync Value of 50 ms
2026-09-10 11:18:34.590 T:102831    info <general>: Creating audio thread
2026-09-10 11:18:34.590 T:103011   debug <general>: Thread VideoPlayerAudio start, auto delete: false
2026-09-10 11:18:34.590 T:103011    info <general>: running thread: CVideoPlayerAudio::Process()
2026-09-10 11:18:34.590 T:102831    info <general>: Opening stream: 2 source: 256
2026-09-10 11:18:34.590 T:102831    info <general>: CDVDSubtitlesLibass: Using libass version 1703000
2026-09-10 11:18:34.590 T:102831    info <general>: CDVDSubtitlesLibass: Creating ASS library structure
2026-09-10 11:18:34.590 T:102831    info <general>: CDVDSubtitlesLibass: Initializing ASS Renderer
2026-09-10 11:18:34.591 T:102831   debug <general>: CDVDSubtitlesLibass: [ass] libass API version: 0x1703000
2026-09-10 11:18:34.591 T:102831   debug <general>: CDVDSubtitlesLibass: [ass] libass source: tarball: 0.17.3
2026-09-10 11:18:34.591 T:102831   debug <general>: CDVDSubtitlesLibass: [ass] Shaper: FriBidi 1.0.16 (SIMPLE) HarfBuzz-ng 10.2.0 (COMPLEX)
2026-09-10 11:18:34.591 T:102831    info <general>: CDVDSubtitlesLibass: Initializing ASS library font settings
2026-09-10 11:18:34.600 T:103011   debug <general>: CVideoPlayerAudio - CDVDMsg::GENERAL_PAUSE: true
2026-09-10 11:18:34.601 T:101983   debug <general>: CWinSystemGbmGLESContext::PresentRender - Sending display reset to all clients
2026-09-10 11:18:34.601 T:101983    info <general>: VideoPlayer: OnResetDisplay received
2026-09-10 11:18:34.601 T:103011   debug <general>: CVideoPlayerAudio - CDVDMsg::GENERAL_PAUSE: false
2026-09-10 11:18:34.601 T:103010   debug <general>: CVideoPlayerVideo - CDVDMsg::GENERAL_PAUSE: false
2026-09-10 11:18:34.603 T:101983    info <general>: [WHITELIST] Searching the whitelist for: width: 3840, height: 2080, fps: 23.976, 3D: false
2026-09-10 11:18:34.603 T:101983   debug <general>: [WHITELIST] Searching for an exact resolution with an exact refresh rate
2026-09-10 11:18:34.603 T:101983   debug <general>: [WHITELIST] Matched an exact resolution with an exact refresh rate 3840x2160 @ 23.976000 Hz (26)
2026-09-10 11:18:34.603 T:101983    info <general>: Display resolution ADJUST : 3840x2160 @ 23.976000 Hz (26) (weight: 0.000)
2026-09-10 11:18:34.612 T:102831   debug <general>: CDVDSubtitlesLibass: [ass] Using font provider fontconfig
2026-09-10 11:18:34.612 T:102831    info <general>: CDVDSubtitlesLibass: Creating new ASS track
2026-09-10 11:18:34.612 T:102831   debug <general>: Created subtitles overlay codec: SSA Subtitle Decoder
2026-09-10 11:18:34.612 T:102831   debug <general>: CVideoPlayer::SetCaching - caching state 2
2026-09-10 11:18:34.612 T:102831   debug <general>: CDVDClock::SetSpeedAdjust - adjusted:0.000000
2026-09-10 11:18:34.612 T:102831   debug <general>: CVideoPlayer::HandleMessages - player 2 reported state: 0
2026-09-10 11:18:34.612 T:102831   debug <general>: CVideoPlayer::HandleMessages - player 1 reported state: 0
2026-09-10 11:18:34.612 T:102832   debug <general>: virtual void CApplicationPlayerCallback::OnAVChange(): call
2026-09-10 11:18:34.612 T:102831    info <general>: Skipped 1 duplicate messages..
2026-09-10 11:18:34.612 T:102831   debug <general>: CVideoPlayer::SetCaching - caching state 1
2026-09-10 11:18:34.613 T:102831   debug <general>: CDVDClock::SetSpeedAdjust - adjusted:0.000000
2026-09-10 11:18:34.612 T:103010   debug <general>: CVideoPlayerVideo - Stillframe left, switching to normal playback
2026-09-10 11:18:34.613 T:102831   debug <general>: CVideoPlayer::CheckContinuity - wrapback :2, prev:375000.000000, curr:0.000000, diff:-375000.000000
2026-09-10 11:18:34.621 T:102831   debug <general>: CVideoPlayer::SetCaching - caching state 2
2026-09-10 11:18:34.621 T:102831   debug <general>: CDVDClock::SetSpeedAdjust - adjusted:0.000000
2026-09-10 11:18:34.621 T:103011   debug <general>: CDVDAudio::Pause - pausing audio stream
2026-09-10 11:18:34.622 T:103011    info <general>: Skipped 2 duplicate messages..
2026-09-10 11:18:34.622 T:103011    info <general>: CVideoPlayerAudio: display reset occurred, checking for passthrough
2026-09-10 11:18:34.622 T:103011    info <general>: CDVDAudioCodecFFmpeg::Open() Successful opened audio decoder eac3
2026-09-10 11:18:34.622 T:103011    info <general>: Creating audio stream (codec: eac3, channels: 6, sample rate: 48000, no pass-through)
2026-09-10 11:18:34.622 T:103011   debug <general>: CVideoPlayerAudio:: synctype set to 0: clock feedback
2026-09-10 11:18:34.623 T:103010   debug <general>: CRenderManager::Configure - change configuration. 3840x2080. display: 3840x2075. framerate: 23.98.
2026-09-10 11:18:34.634 T:101983   debug <general>: DeleteRenderer - deleting renderer
2026-09-10 11:18:34.634 T:101983   debug <general>: LinuxRendererGLES: Cleaning up GLES resources
2026-09-10 11:18:34.634 T:101983   debug <general>: bool KODI::WINDOWING::GBM::CDRMPlane::SupportsFormatAndModifier(uint32_t, uint64_t): found plane format (AR24) and modifier (LINEAR)
2026-09-10 11:18:34.634 T:101983   debug <general>: bool KODI::WINDOWING::GBM::CDRMPlane::SupportsFormatAndModifier(uint32_t, uint64_t): found plane format (NV15) and modifier (LINEAR)
2026-09-10 11:18:34.634 T:101983   debug <general>: bool KODI::WINDOWING::GBM::CDRMPlane::MoveOnTopOf(KODI::WINDOWING::GBM::CDRMPlane*): zpos_available: true
2026-09-10 11:18:34.634 T:101983   debug <general>: bool KODI::WINDOWING::GBM::CDRMPlane::MoveOnTopOf(KODI::WINDOWING::GBM::CDRMPlane*): plane 57 zpos: 11[0-11], immutable: false
2026-09-10 11:18:34.634 T:101983   debug <general>: bool KODI::WINDOWING::GBM::CDRMPlane::MoveOnTopOf(KODI::WINDOWING::GBM::CDRMPlane*): plane 73 zpos: 0[0-11], immutable: false
2026-09-10 11:18:34.634 T:101983    info <general>: bool KODI::WINDOWING::GBM::CDRMUtils::FindVideoAndGuiPlane(uint32_t, uint64_t, uint64_t, uint64_t): Using gui plane [3840x2160] id:57, video plane [3840x2080] id:73 on crtc id:89 for video format:NV15, video modifier:LINEAR
2026-09-10 11:18:34.634 T:101983   debug <general>: MP2COLOR where=SetColorimetry:enter:picture gui_plane=57/AR24 video_plane=73/NV15 yuv_scanout=1 colorimetry=Default eotf=0 gui[COLOR_ENCODING=0 COLOR_RANGE=0] video[COLOR_ENCODING=2 COLOR_RANGE=0] conn[Colorspace=0 color_depth=0 max_bpc=absent HDR_OUTPUT_METADATA=0] crtc=89
2026-09-10 11:18:34.634 T:101983   debug <general>: std::optional<bool> KODI::WINDOWING::GBM::CWinSystemGbm::RequestRgbOutput(bool): requesting output pixel format "ycbcr444" (1)
2026-09-10 11:18:34.634 T:101983   debug <general>: virtual void KODI::WINDOWING::GBM::CWinSystemGbm::SetColorimetry(const VideoPicture*): setting connector colorspace to BT2020_YCC (source BT2020_YCC)
2026-09-10 11:18:34.634 T:101983   debug <general>: MP2COLOR where=SetColorimetry:exit gui_plane=57/AR24 video_plane=73/NV15 yuv_scanout=1 colorimetry=BT2020_YCC eotf=0 gui[COLOR_ENCODING=0 COLOR_RANGE=0] video[COLOR_ENCODING=2 COLOR_RANGE=0] conn[Colorspace=0 color_depth=0 max_bpc=absent HDR_OUTPUT_METADATA=0] crtc=89
2026-09-10 11:18:34.634 T:101983   debug <general>: MP2COLOR where=SetHDR:enter:picture gui_plane=57/AR24 video_plane=73/NV15 yuv_scanout=1 colorimetry=BT2020_YCC eotf=0 gui[COLOR_ENCODING=0 COLOR_RANGE=0] video[COLOR_ENCODING=2 COLOR_RANGE=0] conn[Colorspace=0 color_depth=0 max_bpc=absent HDR_OUTPUT_METADATA=0] crtc=89
2026-09-10 11:18:34.634 T:101983   debug <general>: void KODI::WINDOWING::GBM::CWinSystemGbm::SetDeepColor(bool): no "max bpc" property; setting color_depth to 30bit
2026-09-10 11:18:34.634 T:101983   debug <general>: MP2COLOR where=SetHDR:exit:hdr gui_plane=57/AR24 video_plane=73/NV15 yuv_scanout=1 colorimetry=BT2020_YCC eotf=2 gui[COLOR_ENCODING=0 COLOR_RANGE=0] video[COLOR_ENCODING=2 COLOR_RANGE=0] conn[Colorspace=0 color_depth=0 max_bpc=absent HDR_OUTPUT_METADATA=0] crtc=89
2026-09-10 11:18:34.634 T:101983   debug <general>: CRendererDRMPRIME::Configure: HDR passthrough: on
2026-09-10 11:18:34.641 T:101998    info <general>: CActiveAESink::OpenSink - initialize sink
2026-09-10 11:18:34.645 T:101983   debug <general>: CGuiCompositeShaderGLES::CreateLUTs - created PQ LUT (256 entries)
2026-09-10 11:18:34.645 T:101983   debug <general>: CBaseRenderer::ManageRenderArea: viewRect 0x0 -> 3840x2160
2026-09-10 11:18:34.645 T:101983   debug <general>: CRenderManager::Configure - 5
2026-09-10 11:18:34.647 T:101983   debug <general>: CWinSystemGbmGLESContext: created GUI FBO 3840x2160
2026-09-10 11:18:34.651 T:101983   debug <general>: virtual void CVideoLayerBridgeDRMPRIME::Configure(CVideoBufferDRMPRIME*): MP2COLOR where=VideoLayerBridge:Configure plane=73 plane_fourcc=NV15 encoding=ITU-R BT.2020 YCbCr range=YCbCr limited range
2026-09-10 11:18:34.651 T:102831   debug <general>: CVideoPlayer::HandleMessages - player started 2
2026-09-10 11:18:34.652 T:102832   debug <general>: virtual void CApplicationPlayerCallback::OnAVChange(): call
2026-09-10 11:18:34.665 T:101983   debug <general>: virtual void KODI::WINDOWING::GBM::CDRMAtomic::FlipPage(gbm_bo*, bool, bool, bool): Execute modeset at next commit
2026-09-10 11:18:34.841 T:101998   debug <general>: CActiveAESink::OpenSink - trying to open device ALSA:sysdefault:CARD=rockchiphdmi1
2026-09-10 11:18:34.841 T:101998    info <general>: CAESinkALSA::Initialize - Attempting to open device "sysdefault:CARD=rockchiphdmi1"
2026-09-10 11:18:34.841 T:101998    info <general>: MP2ALSA open:request device="sysdefault:CARD=rockchiphdmi1" devType=0 passthrough=0 rate=48000 channels=2 aeformat=24 aesparams=""
2026-09-10 11:18:34.845 T:101998    info <general>: CAESinkALSA::Initialize - Opened device "sysdefault:CARD=rockchiphdmi1"
2026-09-10 11:18:34.845 T:101998    info <general>: MP2ALSA open:result snd_pcm_name="sysdefault:CARD=rockchiphdmi1" type=14 state=OPEN
2026-09-10 11:18:34.845 T:101998    info <general>: MP2ALSA hw:before state=OPEN
2026-09-10 11:18:34.845 T:101998    info <general>: CAESinkALSA::InitializeHW - Your hardware does not support AE_FMT_FLOAT, trying other formats
2026-09-10 11:18:34.845 T:101998    info <general>: CAESinkALSA::InitializeHW - Using data format AE_FMT_S24NE4
2026-09-10 11:18:34.845 T:101998   debug <general>: CAESinkALSA::InitializeHW - Request: periodSize 2400, bufferSize 9600
2026-09-10 11:18:34.846 T:101998   debug <general>: CAESinkALSA::InitializeHW - Got: periodSize 2400, bufferSize 9600
2026-09-10 11:18:34.846 T:101998   debug <general>: CAESinkALSA::InitializeHW - Setting timeout to 200 ms
2026-09-10 11:18:34.846 T:101998    info <general>: MP2ALSA hw:after state=PREPARED rate=48000 channels=2 aeformat=9 periodSize=2400 frameSize=8
2026-09-10 11:18:34.846 T:101998    info <general>: MP2ALSA sw:params ret=0 start_threshold=2147483647 avail_min=2400 silence_size=5404319552844595200 boundary=5404319552844595200 state=PREPARED
2026-09-10 11:18:34.846 T:101998    info <general>: MP2ALSA sw:after state=PREPARED
2026-09-10 11:18:34.846 T:101998    info <general>: MP2ALSA chmap:set requested="FL FR" ret=0 state=PREPARED
2026-09-10 11:18:34.846 T:101998    info <general>: MP2ALSA nonblock ret=0 state=PREPARED
2026-09-10 11:18:34.846 T:101998    info <general>: MP2ALSA prepare ret=0 state=PREPARED
2026-09-10 11:18:34.846 T:101998   debug <general>: CAESinkALSA::GetChannelLayout - Input Channel Count: 2 Output Channel Count: 2
2026-09-10 11:18:34.846 T:101998   debug <general>: CAESinkALSA::GetChannelLayout - Requested Layout: FL, FR
2026-09-10 11:18:34.846 T:101998   debug <general>: CAESinkALSA::GetChannelLayout - Got Layout: FL, FR (ALSA: FL FR)
2026-09-10 11:18:34.846 T:101998   debug <general>: CActiveAESink::OpenSink - ALSA Initialized:
2026-09-10 11:18:34.846 T:101998   debug <general>:   Output Device : rockchip-hdmi1
2026-09-10 11:18:34.846 T:101998   debug <general>:   Sample Rate   : 48000
2026-09-10 11:18:34.846 T:101998   debug <general>:   Sample Format : AE_FMT_S24NE4
2026-09-10 11:18:34.846 T:101998   debug <general>:   Channel Count : 2
2026-09-10 11:18:34.846 T:101998   debug <general>:   Channel Layout: FL, FR
2026-09-10 11:18:34.846 T:101998   debug <general>:   Frames        : 2400
2026-09-10 11:18:34.846 T:101998   debug <general>:   Frame Size    : 8
2026-09-10 11:18:34.848 T:101998    info <general>: MP2ALSA write:first:before frames=2400 state=PREPARED fragmented=0
2026-09-10 11:18:34.848 T:101998    info <general>: MP2ALSA write:first:after frames=2400 ret=2400 (ok) state_before=PREPARED state_after=PREPARED
2026-09-10 11:18:34.849 T:101997   debug <general>: void ActiveAE::CActiveAE::ConfigureLowLatency(): Low latency mode: true - Initial buffer level: 20ms (resample: false)
2026-09-10 11:18:34.849 T:101997   debug <general>: CActiveAE::ClearDiscardedBuffers - buffer pool deleted
2026-09-10 11:18:34.853 T:102831   debug <general>: CVideoPlayer::HandleMessages - player started 1
2026-09-10 11:18:34.853 T:102831   debug <general>: CVideoPlayer::SetCaching - caching state 3
2026-09-10 11:18:34.853 T:102832   debug <general>: virtual void CApplicationPlayerCallback::OnAVChange(): call
2026-09-10 11:18:34.853 T:102831   debug <general>: CDVDClock::SetSpeedAdjust - adjusted:0.000000
2026-09-10 11:18:34.853 T:102831   debug <general>: CVideoPlayer::SetCaching - caching state 0
2026-09-10 11:18:34.853 T:102831   debug <general>: CDVDClock::SetSpeedAdjust - adjusted:0.000000
2026-09-10 11:18:34.853 T:102831   debug <general>: VideoPlayer::Sync - Audio - pts: 288000.000000, cache: 518027.010785, totalcache: 800000.011921
2026-09-10 11:18:34.853 T:102831   debug <general>: VideoPlayer::Sync - Video - pts: 0.000000, cache: 50000.000000, totalcache: 100000.000000
2026-09-10 11:18:34.854 T:103011   debug <general>: CVideoPlayerAudio - CDVDMsg::GENERAL_RESYNC(-230027.010785), level: 92, cache: 514417.051785
2026-09-10 11:18:34.854 T:103011   debug <general>: CDVDAudio::Resume - resume audio stream
2026-09-10 11:18:34.854 T:103010   debug <general>: CVideoPlayerVideo - CDVDMsg::GENERAL_RESYNC(-230027.010785)
2026-09-10 11:18:34.854 T:102832   debug <general>: virtual void CApplicationPlayerCallback::OnAVStarted(const CFileItem&): call
2026-09-10 11:18:34.854 T:101997   debug <general>: ActiveAE - start sync of audio stream
2026-09-10 11:18:34.875 T:101983   debug <general>: Activating window ID: 12005
2026-09-10 11:18:34.876 T:101983   debug <general>: ------ Window Deinit (Home.xml) ------
2026-09-10 11:18:34.876 T:101983   debug <general>: FreeVisualisation() done
2026-09-10 11:18:34.876 T:101983   debug <general>: ------ Window Init (VideoFullScreen.xml) ------
2026-09-10 11:18:34.876 T:101983    info <general>: Loading skin file: VideoFullScreen.xml, load type: KEEP_IN_MEMORY
2026-09-10 11:18:34.877 T:101983    info <general>: [WHITELIST] Searching the whitelist for: width: 3840, height: 2080, fps: 23.976, 3D: false
2026-09-10 11:18:34.877 T:101983   debug <general>: [WHITELIST] Searching for an exact resolution with an exact refresh rate
2026-09-10 11:18:34.877 T:101983   debug <general>: [WHITELIST] Matched an exact resolution with an exact refresh rate 3840x2160 @ 23.976000 Hz (26)
2026-09-10 11:18:34.878 T:101983    info <general>: Display resolution ADJUST : 3840x2160 @ 23.976000 Hz (26) (weight: 0.000)
2026-09-10 11:18:34.887 T:102832   debug <general>: virtual void CApplicationPlayerCallback::OnAVChange(): call
2026-09-10 11:18:34.916 T:101983   debug <general>: ------ Window Deinit (DialogBusy.xml) ------
2026-09-10 11:18:34.998 T:101997   debug <general>: ActiveAE::SyncStream - average error of 2.239774, start adjusting
2026-09-10 11:18:34.998 T:101997   debug <general>: ActiveAE::SyncStream - average error 0.239774 below threshold of 30.000000
2026-09-10 11:18:39.797 T:103010   debug <general>: CPtsTracker: detected pattern of length 1: 41708.33, frameduration: 41708.333333
2026-09-10 11:18:42.131 T:101983   debug <general>: CheckIdle - Closing session to http://192.168.2.151 (easy=0xffff48004af0, multi=0xffff480040d0)
2026-09-10 11:18:54.143 T:101983   debug <general>: CheckIdle - Closing session to http://192.168.2.162 (easy=0xffff48033880, multi=0xffff480225c0)
2026-09-10 11:18:54.143 T:101983   debug <general>: CheckIdle - Closing session to http://192.168.2.122 (easy=0xffff4801c4c0, multi=0xffff480207e0)
2026-09-10 11:18:54.143 T:101983   debug <general>: CheckIdle - Closing session to http://192.168.2.60 (easy=0xffff48061a70, multi=0xffff48062fd0)
2026-09-10 11:18:59.795 T:102005   debug <general>: Thread Timer 281473022093344 terminating
2026-09-10 11:19:02.151 T:101983   debug <general>: CheckIdle - Closing session to http://192.168.2.71 (easy=0xffff4804ab60, multi=0xffff4804ee30)
2026-09-10 11:19:02.151 T:101983   debug <general>: CheckIdle - Closing session to http://192.168.2.111 (easy=0xffff48090530, multi=0xffff48091a90)
2026-09-10 11:19:29.795 T:102832   debug <general>: Thread JobWorker 281472560785440 terminating (autodelete)
2026-09-10 11:19:39.344 T:103236   debug <CWebserver[8080]>: request received for /jsonrpc
2026-09-10 11:19:44.401 T:101983    info <general>: Skipped 1 duplicate messages..
2026-09-10 11:19:44.401 T:101983   debug <general>: CGUIWindowManager::PreviousWindow: Deactivate
2026-09-10 11:19:44.401 T:101983   debug <general>: ------ Window Deinit (VideoFullScreen.xml) ------
2026-09-10 11:19:44.423 T:101983   debug <general>: CGUIWindowManager::PreviousWindow: Activate new
2026-09-10 11:19:44.423 T:101983   debug <general>: ------ Window Init (Home.xml) ------
2026-09-10 11:19:44.425 T:101983   debug <general>: CDirectoryProvider[addons://]: refreshing...
2026-09-10 11:19:44.425 T:103245   debug <general>: Thread JobWorker start, auto delete: true
2026-09-10 11:19:44.425 T:103245   debug <general>: [threads] name: 'JobWorker' priority: '1'
2026-09-10 11:19:44.425 T:101983   debug <general>: CDirectoryProvider[addons://sources/video/]: refreshing...
2026-09-10 11:19:44.426 T:103246   debug <general>: Thread JobWorker start, auto delete: true
2026-09-10 11:19:44.426 T:103246   debug <general>: [threads] name: 'JobWorker' priority: '1'
2026-09-10 11:19:44.426 T:101983   debug <general>: CDirectoryProvider[addons://sources/audio/]: refreshing...
2026-09-10 11:19:44.426 T:103247   debug <general>: Thread JobWorker start, auto delete: true
2026-09-10 11:19:44.426 T:103247   debug <general>: [threads] name: 'JobWorker' priority: '1'
2026-09-10 11:19:44.426 T:101983   debug <general>: CDirectoryProvider[addons://sources/game/]: refreshing...
2026-09-10 11:19:44.427 T:101983   debug <general>: CDirectoryProvider[addons://sources/executable/]: refreshing...
2026-09-10 11:19:44.427 T:101983   debug <general>: CDirectoryProvider[addons://sources/image/]: refreshing...
2026-09-10 11:19:44.427 T:101983   debug <general>: CDirectoryProvider[library://video/]: refreshing...
2026-09-10 11:19:44.427 T:101983   debug <general>: CDirectoryProvider[sources://video/]: refreshing...
2026-09-10 11:19:44.427 T:101983   debug <general>: CDirectoryProvider[special://videoplaylists/]: refreshing...
2026-09-10 11:19:44.427 T:101983   debug <general>: CDirectoryProvider[favourites://]: refreshing...
2026-09-10 11:19:44.427 T:101983   debug <general>: CDirectoryProvider[sources://pictures/]: refreshing...
2026-09-10 11:19:44.427 T:101983   debug <general>: CDirectoryProvider[addons://sources/game/]: refreshing...
2026-09-10 11:19:44.428 T:103245   debug <general>: CAddonDatabase: SELECT repo.id FROM repo .. took 0 ms
2026-09-10 11:19:44.435 T:103246   debug <general>: CMultiPathDirectory::GetDirectory(multipath://special%3a%2f%2fprofile%2fplaylists%2fvideo/special%3a%2f%2fprofile%2fplaylists%2fmixed/)
2026-09-10 11:19:44.435 T:103246   debug <general>: Getting Directory (special://profile/playlists/video)
2026-09-10 11:19:44.435 T:103246   debug <general>: Getting Directory (special://profile/playlists/mixed)
2026-09-10 11:19:44.436 T:103246   debug <general>: CMultiPathDirectory::MergeItems, items = 0
2026-09-10 11:19:44.447 T:103245   debug <general>: CAddonDatabase: query  SELECT addons.*, repo.addonID AS repoID FROM addons JOIN addonlinkrepo ON addons.id=addonlinkrepo.idAddon JOIN repo ON repo.id=addonlinkrepo.idRepo WHERE addonlinkrepo.idRepo IN (1) ORDER BY repo.addonID, addons.addonID returned 805 rows in 19 ms
2026-09-10 11:19:44.487 T:103245   debug <general>: CAddonDatabase::GetAddons took 59 ms
2026-09-10 11:19:44.491 T:103245   debug <general>: CAddonMgr::GetAvailableUpdatesOrOutdatedAddons took 65 ms
2026-09-10 11:19:59.518 T:103284   debug <CWebserver[8080]>: request received for /jsonrpc
2026-09-10 11:20:04.754 T:101983    info <general>: Skipped 1 duplicate messages..
2026-09-10 11:20:04.754 T:101983   debug <general>: Activating window ID: 12005
2026-09-10 11:20:04.754 T:101983   debug <general>: ------ Window Deinit (Home.xml) ------
2026-09-10 11:20:04.754 T:101983   debug <general>: FreeVisualisation() done
2026-09-10 11:20:04.755 T:101983   debug <general>: ------ Window Init (VideoFullScreen.xml) ------
2026-09-10 11:20:04.755 T:101983    info <general>: [WHITELIST] Searching the whitelist for: width: 3840, height: 2080, fps: 23.976, 3D: false
2026-09-10 11:20:04.755 T:101983   debug <general>: [WHITELIST] Searching for an exact resolution with an exact refresh rate
2026-09-10 11:20:04.756 T:101983   debug <general>: [WHITELIST] Matched an exact resolution with an exact refresh rate 3840x2160 @ 23.976000 Hz (26)
2026-09-10 11:20:04.758 T:101983    info <general>: Display resolution ADJUST : 3840x2160 @ 23.976000 Hz (26) (weight: 0.000)
2026-09-10 11:20:04.762 T:103247   debug <general>: virtual void CApplicationPlayerCallback::OnAVChange(): call
2026-09-10 11:20:10.138 T:103338   debug <CWebserver[8080]>: request received for /jsonrpc
2026-09-10 11:20:10.176 T:101983   debug <general>: ------ Window Init (VideoOSD.xml) ------
2026-09-10 11:20:10.176 T:101983    info <general>: Loading skin file: VideoOSD.xml, load type: KEEP_IN_MEMORY
2026-09-10 11:20:10.193 T:101983   debug <general>: ------ Window Init (DialogSeekBar.xml) ------
2026-09-10 11:20:10.219 T:101983   debug <general>: ------ Window Init (Custom_1109_TopBarOverlay.xml) ------
2026-09-10 11:20:15.342 T:103368   debug <CWebserver[8080]>: request received for /jsonrpc
2026-09-10 11:20:15.682 T:101983   debug <general>: ------ Window Deinit (VideoOSD.xml) ------
2026-09-10 11:20:15.682 T:101983   debug <general>: ------ Window Deinit (DialogSeekBar.xml) ------
2026-09-10 11:20:15.723 T:101983   debug <general>: ------ Window Deinit (Custom_1109_TopBarOverlay.xml) ------
2026-09-10 11:20:20.829 T:103394   debug <CWebserver[8080]>: request received for /jsonrpc
2026-09-10 11:20:20.853 T:101983   debug <general>: ------ Window Init (VideoOSD.xml) ------
2026-09-10 11:20:20.860 T:101983   debug <general>: ------ Window Init (DialogSeekBar.xml) ------
2026-09-10 11:20:20.895 T:101983   debug <general>: ------ Window Init (Custom_1109_TopBarOverlay.xml) ------
2026-09-10 11:20:26.070 T:103422   debug <CWebserver[8080]>: request received for /jsonrpc
2026-09-10 11:20:26.443 T:101983   debug <general>: ------ Window Deinit (VideoOSD.xml) ------
2026-09-10 11:20:26.443 T:101983   debug <general>: ------ Window Deinit (DialogSeekBar.xml) ------
2026-09-10 11:20:26.484 T:101983   debug <general>: ------ Window Deinit (Custom_1109_TopBarOverlay.xml) ------
2026-09-10 11:20:31.408 T:103450   debug <CWebserver[8080]>: request received for /jsonrpc
2026-09-10 11:20:31.417 T:102831   debug <general>: CVideoPlayer::SetCaching - caching state 2
2026-09-10 11:20:31.417 T:102831   debug <general>: CDVDClock::SetSpeedAdjust - adjusted:0.000000
2026-09-10 11:20:31.417 T:102831   debug <general>: demuxer seek to: 146336.000000
2026-09-10 11:20:31.444 T:102831   debug <general>: SeekTime - seek ended up on time 148148
2026-09-10 11:20:31.444 T:102831   debug <general>: demuxer seek to: 146336.000000, success
2026-09-10 11:20:31.444 T:102831   debug <general>: CVideoPlayer::FlushBuffers - flushing buffers
2026-09-10 11:20:31.445 T:103010 warning <general>: OutputPicture - timeout waiting for buffer
2026-09-10 11:20:31.445 T:103010   debug <general>: CDVDVideoCodecDRMPRIME::Reset - flush buffers
2026-09-10 11:20:31.447 T:103011   debug <general>: CDVDAudio::Pause - pausing audio stream
2026-09-10 11:20:31.447 T:101983   debug <general>: ------ Window Init (DialogSeekBar.xml) ------
2026-09-10 11:20:31.489 T:101983   debug <general>: ------ Window Init (Custom_1109_TopBarOverlay.xml) ------
2026-09-10 11:20:31.546 T:103011   debug <general>: CDVDAudio::Flush - flush audio stream
2026-09-10 11:20:31.546 T:103011   debug <general>: CDVDAudio::Pause - pausing audio stream
2026-09-10 11:20:31.546 T:103011   debug <general>: CVideoPlayerAudio - CDVDMsg::GENERAL_SYNCHRONIZE
2026-09-10 11:20:31.546 T:103010   debug <general>: CVideoPlayerVideo - CDVDMsg::GENERAL_SYNCHRONIZE
2026-09-10 11:20:31.547 T:103010   debug <general>: CVideoPlayerVideo - Stillframe left, switching to normal playback
2026-09-10 11:20:31.553 T:102831   debug <general>: CVideoPlayer::CheckContinuity - wrapback :2, prev:148523000.000000, curr:148148000.000000, diff:-375000.000000
2026-09-10 11:20:31.564 T:102831   debug <general>: CVideoPlayer::HandleMessages - player started 1
2026-09-10 11:20:31.564 T:103245   debug <general>: virtual void CApplicationPlayerCallback::OnAVChange(): call
2026-09-10 11:20:31.575 T:102831   debug <general>: CVideoPlayer::HandleMessages - player started 2
2026-09-10 11:20:31.575 T:102831   debug <general>: CVideoPlayer::SetCaching - caching state 3
2026-09-10 11:20:31.575 T:102831   debug <general>: CDVDClock::SetSpeedAdjust - adjusted:0.000000
2026-09-10 11:20:31.575 T:102831   debug <general>: CVideoPlayer::SetCaching - caching state 0
2026-09-10 11:20:31.575 T:102831   debug <general>: CDVDClock::SetSpeedAdjust - adjusted:0.000000
2026-09-10 11:20:31.576 T:102831   debug <general>: VideoPlayer::Sync - Audio - pts: 148448000.000000, cache: 320000.052452, totalcache: 800000.011921
2026-09-10 11:20:31.576 T:102831   debug <general>: VideoPlayer::Sync - Video - pts: 148148000.000000, cache: 50000.000000, totalcache: 100000.000000
2026-09-10 11:20:31.576 T:103011   debug <general>: CVideoPlayerAudio - CDVDMsg::GENERAL_RESYNC(148048000.000000), level: 55, cache: 320000.052452
2026-09-10 11:20:31.576 T:103011   debug <general>: CDVDAudio::Resume - resume audio stream
2026-09-10 11:20:31.576 T:103010   debug <general>: CVideoPlayerVideo - CDVDMsg::GENERAL_RESYNC(148048000.000000)
2026-09-10 11:20:31.596 T:101997   debug <general>: ActiveAE - start sync of audio stream
2026-09-10 11:20:31.696 T:101997   debug <general>: ActiveAE::SyncStream - average error of 50.251653, start adjusting
2026-09-10 11:20:31.696 T:101997   debug <general>: ActiveAE::SyncStream - average error 0.251653 below threshold of 30.000000
2026-09-10 11:20:32.746 T:101997   debug <general>: ActiveAE::SyncStream - average error -158.449342 above threshold of 100.000000
2026-09-10 11:20:32.746 T:101997   debug <general>: ActiveAE::SyncStream - average error -8.449342 below threshold of 30.000000
2026-09-10 11:20:34.909 T:101983   debug <general>: ------ Window Deinit (DialogSeekBar.xml) ------
2026-09-10 11:20:34.951 T:101983   debug <general>: ------ Window Deinit (Custom_1109_TopBarOverlay.xml) ------
2026-09-10 11:20:36.426 T:103010   debug <general>: CPtsTracker: detected pattern of length 1: 41708.33, frameduration: 41708.333333
2026-09-10 11:20:38.789 T:101983   debug <general>: ApplyStyle - Start setting up the LibAss style
2026-09-10 11:20:43.085 T:101983   debug <general>: CDVDSubtitlesLibass: [ass] fontselect: Using default font family: (Tahoma, 400, 0) -> DejaVuSans, 0, DejaVuSans
2026-09-10 11:20:43.085 T:101983   debug <general>: CDVDSubtitlesLibass: [ass] fontselect: (Tahoma, 400, 0) -> DejaVuSans, 0, DejaVuSans
2026-09-10 11:20:43.434 T:103468   debug <CWebserver[8080]>: request received for /jsonrpc
2026-09-10 11:20:43.742 T:102831    info <general>: Skipped 1 duplicate messages..
2026-09-10 11:20:43.742 T:102831   debug <general>: CVideoPlayer::SetCaching - caching state 2
2026-09-10 11:20:43.742 T:102831   debug <general>: CDVDClock::SetSpeedAdjust - adjusted:0.000000
2026-09-10 11:20:43.742 T:102831   debug <general>: demuxer seek to: 220215.000000
2026-09-10 11:20:43.746 T:103011   debug <general>: CDVDAudio::Pause - pausing audio stream
2026-09-10 11:20:43.749 T:102831   debug <general>: SeekTime - seek ended up on time 220220
2026-09-10 11:20:43.749 T:102831   debug <general>: demuxer seek to: 220215.000000, success
2026-09-10 11:20:43.749 T:102831   debug <general>: CVideoPlayer::FlushBuffers - flushing buffers
2026-09-10 11:20:43.749 T:103010 warning <general>: OutputPicture - timeout waiting for buffer
2026-09-10 11:20:43.750 T:103010   debug <general>: CDVDVideoCodecDRMPRIME::Reset - flush buffers
2026-09-10 11:20:43.751 T:101983   debug <general>: ------ Window Init (DialogSeekBar.xml) ------
2026-09-10 11:20:43.793 T:101983   debug <general>: ------ Window Init (Custom_1109_TopBarOverlay.xml) ------
2026-09-10 11:20:43.846 T:103011   debug <general>: CDVDAudio::Flush - flush audio stream
2026-09-10 11:20:43.846 T:103011   debug <general>: CDVDAudio::Pause - pausing audio stream
2026-09-10 11:20:43.846 T:103011   debug <general>: CVideoPlayerAudio - CDVDMsg::GENERAL_SYNCHRONIZE
2026-09-10 11:20:43.846 T:103010   debug <general>: CVideoPlayerVideo - CDVDMsg::GENERAL_SYNCHRONIZE
2026-09-10 11:20:43.846 T:103010   debug <general>: CVideoPlayerVideo - Stillframe left, switching to normal playback
2026-09-10 11:20:43.851 T:102831   debug <general>: CVideoPlayer::CheckContinuity - wrapback :2, prev:220595000.000000, curr:220220000.000000, diff:-375000.000000
2026-09-10 11:20:43.878 T:102831   debug <general>: CVideoPlayer::HandleMessages - player started 2
2026-09-10 11:20:43.901 T:102831   debug <general>: CVideoPlayer::HandleMessages - player started 1
2026-09-10 11:20:43.901 T:102831   debug <general>: CVideoPlayer::SetCaching - caching state 3
2026-09-10 11:20:43.901 T:103245   debug <general>: virtual void CApplicationPlayerCallback::OnAVChange(): call
2026-09-10 11:20:43.901 T:102831   debug <general>: CDVDClock::SetSpeedAdjust - adjusted:0.000000
2026-09-10 11:20:43.901 T:102831   debug <general>: CVideoPlayer::SetCaching - caching state 0
2026-09-10 11:20:43.901 T:102831   debug <general>: CDVDClock::SetSpeedAdjust - adjusted:0.000000
2026-09-10 11:20:43.901 T:102831   debug <general>: VideoPlayer::Sync - Audio - pts: 220512000.000000, cache: 320000.052452, totalcache: 800000.011921
2026-09-10 11:20:43.901 T:102831   debug <general>: VideoPlayer::Sync - Video - pts: 220220000.000000, cache: 50000.000000, totalcache: 100000.000000
2026-09-10 11:20:43.901 T:103011   debug <general>: CVideoPlayerAudio - CDVDMsg::GENERAL_RESYNC(220120000.000000), level: 92, cache: 320000.052452
2026-09-10 11:20:43.901 T:103011   debug <general>: CDVDAudio::Resume - resume audio stream
2026-09-10 11:20:43.901 T:103010   debug <general>: CVideoPlayerVideo - CDVDMsg::GENERAL_RESYNC(220120000.000000)
2026-09-10 11:20:43.901 T:101997   debug <general>: ActiveAE - start sync of audio stream
2026-09-10 11:20:44.046 T:101997   debug <general>: ActiveAE::SyncStream - average error of -70.989010, start adjusting
2026-09-10 11:20:44.046 T:101997   debug <general>: ActiveAE::SyncStream - average error -20.989010 below threshold of 30.000000
2026-09-10 11:20:45.049 T:103011   debug <general>: CDVDClock::ErrorAdjust - CVideoPlayerAudio::OutputPacket - error:-74762.552624, adjusted:-41708.333333
2026-09-10 11:20:47.097 T:103011   debug <general>: CDVDClock::ErrorAdjust - CVideoPlayerAudio::OutputPacket - error:-51473.880980, adjusted:-41708.333333
2026-09-10 11:20:47.213 T:101983   debug <general>: ------ Window Deinit (DialogSeekBar.xml) ------
2026-09-10 11:20:47.254 T:101983   debug <general>: ------ Window Deinit (Custom_1109_TopBarOverlay.xml) ------
2026-09-10 11:20:48.799 T:103010   debug <general>: CPtsTracker: detected pattern of length 1: 41708.33, frameduration: 41708.333333
2026-09-10 11:20:55.784 T:103507   debug <CWebserver[8080]>: request received for /jsonrpc
2026-09-10 11:20:56.172 T:102831    info <general>: Skipped 1 duplicate messages..
2026-09-10 11:20:56.171 T:102831   debug <general>: CVideoPlayer::SetCaching - caching state 2
2026-09-10 11:20:56.172 T:102831   debug <general>: CDVDClock::SetSpeedAdjust - adjusted:0.000000
2026-09-10 11:20:56.172 T:102831   debug <general>: demuxer seek to: 202307.000000
2026-09-10 11:20:56.175 T:102831   debug <general>: SeekTime - seek ended up on time 202202
2026-09-10 11:20:56.175 T:102831   debug <general>: demuxer seek to: 202307.000000, success
2026-09-10 11:20:56.175 T:102831   debug <general>: CVideoPlayer::FlushBuffers - flushing buffers
2026-09-10 11:20:56.175 T:103010 warning <general>: OutputPicture - timeout waiting for buffer
2026-09-10 11:20:56.175 T:103010   debug <general>: CDVDVideoCodecDRMPRIME::Reset - flush buffers
2026-09-10 11:20:56.180 T:101983   debug <general>: ------ Window Init (DialogSeekBar.xml) ------
2026-09-10 11:20:56.196 T:103011   debug <general>: CDVDAudio::Pause - pausing audio stream
2026-09-10 11:20:56.221 T:101983   debug <general>: ------ Window Init (Custom_1109_TopBarOverlay.xml) ------
2026-09-10 11:20:56.295 T:103011   debug <general>: CDVDAudio::Flush - flush audio stream
2026-09-10 11:20:56.296 T:103011   debug <general>: CDVDAudio::Pause - pausing audio stream
2026-09-10 11:20:56.296 T:103011   debug <general>: CVideoPlayerAudio - CDVDMsg::GENERAL_SYNCHRONIZE
2026-09-10 11:20:56.296 T:103010   debug <general>: CVideoPlayerVideo - CDVDMsg::GENERAL_SYNCHRONIZE
2026-09-10 11:20:56.296 T:103010   debug <general>: CVideoPlayerVideo - Stillframe left, switching to normal playback
2026-09-10 11:20:56.301 T:102831   debug <general>: CVideoPlayer::CheckContinuity - wrapback :2, prev:202494000.000000, curr:202202000.000000, diff:-292000.000000
2026-09-10 11:20:56.307 T:102831   debug <general>: CVideoPlayer::HandleMessages - player started 2
2026-09-10 11:20:56.355 T:102831   debug <general>: CVideoPlayer::HandleMessages - player started 1
2026-09-10 11:20:56.355 T:102831   debug <general>: CVideoPlayer::SetCaching - caching state 3
2026-09-10 11:20:56.355 T:103246   debug <general>: virtual void CApplicationPlayerCallback::OnAVChange(): call
2026-09-10 11:20:56.356 T:102831   debug <general>: CDVDClock::SetSpeedAdjust - adjusted:0.000000
2026-09-10 11:20:56.356 T:102831   debug <general>: CVideoPlayer::SetCaching - caching state 0
2026-09-10 11:20:56.356 T:102831   debug <general>: CDVDClock::SetSpeedAdjust - adjusted:0.000000
2026-09-10 11:20:56.356 T:102831   debug <general>: VideoPlayer::Sync - Audio - pts: 202496000.000000, cache: 320000.052452, totalcache: 800000.011921
2026-09-10 11:20:56.356 T:102831   debug <general>: VideoPlayer::Sync - Video - pts: 202202000.000000, cache: 50000.000000, totalcache: 100000.000000
2026-09-10 11:20:56.356 T:103011   debug <general>: CVideoPlayerAudio - CDVDMsg::GENERAL_RESYNC(202102000.000000), level: 92, cache: 320000.052452
2026-09-10 11:20:56.356 T:103011   debug <general>: CDVDAudio::Resume - resume audio stream
2026-09-10 11:20:56.356 T:103010   debug <general>: CVideoPlayerVideo - CDVDMsg::GENERAL_RESYNC(202102000.000000)
2026-09-10 11:20:56.356 T:101997   debug <general>: ActiveAE - start sync of audio stream
2026-09-10 11:20:56.496 T:101997   debug <general>: ActiveAE::SyncStream - average error of -85.889915, start adjusting
2026-09-10 11:20:56.496 T:101997   debug <general>: ActiveAE::SyncStream - average error -0.014915 below threshold of 30.000000
2026-09-10 11:20:59.642 T:101983   debug <general>: ------ Window Deinit (DialogSeekBar.xml) ------
2026-09-10 11:20:59.683 T:101983   debug <general>: ------ Window Deinit (Custom_1109_TopBarOverlay.xml) ------
2026-09-10 11:21:01.186 T:103010   debug <general>: CPtsTracker: detected pattern of length 1: 41708.33, frameduration: 41708.333333
2026-09-10 11:21:08.203 T:103546   debug <CWebserver[8080]>: request received for /jsonrpc
2026-09-10 11:21:26.356 T:103245    info <general>: Skipped 1 duplicate messages..
2026-09-10 11:21:26.356 T:103245   debug <general>: Thread JobWorker 281472560785440 terminating (autodelete)
2026-09-10 11:21:26.356 T:103247   debug <general>: Thread JobWorker 281472057206816 terminating (autodelete)
2026-09-10 11:21:26.356 T:103246   debug <general>: Thread JobWorker 281472065660960 terminating (autodelete)
2026-09-10 11:21:38.628 T:103607   debug <CWebserver[8080]>: request received for /jsonrpc
2026-09-10 11:22:09.006 T:103663   debug <CWebserver[8080]>: request received for /jsonrpc
2026-09-10 11:22:39.262 T:103719   debug <CWebserver[8080]>: request received for /jsonrpc
2026-09-10 11:23:09.520 T:103946   debug <CWebserver[8080]>: request received for /jsonrpc
2026-09-10 11:23:09.811 T:101983    info <general>: Skipped 2 duplicate messages..
2026-09-10 11:23:09.811 T:101983   debug <general>: CGUIWindowManager::PreviousWindow: Deactivate
2026-09-10 11:23:09.811 T:101983   debug <general>: ------ Window Deinit (VideoFullScreen.xml) ------
2026-09-10 11:23:09.832 T:101983   debug <general>: CGUIWindowManager::PreviousWindow: Activate new
2026-09-10 11:23:09.832 T:101983   debug <general>: ------ Window Init (Home.xml) ------
2026-09-10 11:23:09.836 T:101983    info <general>: CVideoPlayer::CloseFile()
2026-09-10 11:23:09.836 T:101983   debug <general>: DeleteRenderer - deleting renderer
2026-09-10 11:23:09.840 T:102831    info <general>: CVideoPlayer::OnExit()
2026-09-10 11:23:09.840 T:102831    info <general>: Closing stream player 1
2026-09-10 11:23:09.840 T:102831    info <general>: Waiting for audio thread to exit
2026-09-10 11:23:09.844 T:103011    info <general>: thread end: CVideoPlayerAudio::OnExit()
2026-09-10 11:23:09.844 T:103011   debug <general>: Thread VideoPlayerAudio 281472040298528 terminating
2026-09-10 11:23:09.847 T:102831    info <general>: Closing audio device
2026-09-10 11:23:09.847 T:101983   debug <general>: MP2COLOR where=SetHDR:enter:null gui_plane=57/AR24 video_plane=73/NV15 yuv_scanout=1 colorimetry=BT2020_YCC eotf=2 gui[COLOR_ENCODING=0 COLOR_RANGE=0] video[COLOR_ENCODING=2 COLOR_RANGE=0] conn[Colorspace=10 color_depth=10 max_bpc=absent HDR_OUTPUT_METADATA=338] crtc=89
2026-09-10 11:23:09.848 T:101983   debug <general>: virtual bool KODI::WINDOWING::GBM::CWinSystemGbm::SetHDR(const VideoPicture*): clearing HDR_OUTPUT_METADATA
2026-09-10 11:23:09.848 T:101983   debug <general>: void KODI::WINDOWING::GBM::CWinSystemGbm::SetDeepColor(bool): no "max bpc" property; setting color_depth to Automatic
2026-09-10 11:23:09.848 T:101983   debug <general>: MP2COLOR where=SetHDR:exit:cleared gui_plane=57/AR24 video_plane=73/NV15 yuv_scanout=1 colorimetry=BT2020_YCC eotf=0 gui[COLOR_ENCODING=0 COLOR_RANGE=0] video[COLOR_ENCODING=2 COLOR_RANGE=0] conn[Colorspace=10 color_depth=10 max_bpc=absent HDR_OUTPUT_METADATA=338] crtc=89
2026-09-10 11:23:09.848 T:101983   debug <general>: MP2COLOR where=SetColorimetry:enter:null gui_plane=57/AR24 video_plane=73/NV15 yuv_scanout=1 colorimetry=BT2020_YCC eotf=0 gui[COLOR_ENCODING=0 COLOR_RANGE=0] video[COLOR_ENCODING=2 COLOR_RANGE=0] conn[Colorspace=10 color_depth=10 max_bpc=absent HDR_OUTPUT_METADATA=338] crtc=89
2026-09-10 11:23:09.848 T:101983   debug <general>: std::optional<bool> KODI::WINDOWING::GBM::CWinSystemGbm::RequestRgbOutput(bool): requesting output pixel format "rgb" (0)
2026-09-10 11:23:09.848 T:101983   debug <general>: virtual void KODI::WINDOWING::GBM::CWinSystemGbm::SetColorimetry(const VideoPicture*): setting connector colorspace to Default (source Default)
2026-09-10 11:23:09.848 T:101983   debug <general>: MP2COLOR where=SetColorimetry:exit gui_plane=57/AR24 video_plane=73/NV15 yuv_scanout=1 colorimetry=Default eotf=0 gui[COLOR_ENCODING=0 COLOR_RANGE=0] video[COLOR_ENCODING=2 COLOR_RANGE=0] conn[Colorspace=10 color_depth=10 max_bpc=absent HDR_OUTPUT_METADATA=338] crtc=89
2026-09-10 11:23:09.848 T:101983    info <general>: VideoPlayer: waiting for threads to exit
2026-09-10 11:23:09.893 T:102831   debug <general>: CDVDAudio::Flush - flush audio stream
2026-09-10 11:23:09.894 T:101997   debug <general>: CActiveAE::DiscardStream - audio stream deleted
2026-09-10 11:23:09.894 T:101997   debug <general>: CActiveAE::ClearDiscardedBuffers - buffer pool deleted
2026-09-10 11:23:09.895 T:102831    info <general>: Skipped 2 duplicate messages..
2026-09-10 11:23:09.895 T:102831    info <general>: Deleting audio codec
2026-09-10 11:23:09.895 T:102831    info <general>: Closing stream player 2
2026-09-10 11:23:09.895 T:102831    info <general>: waiting for video thread to exit
2026-09-10 11:23:09.895 T:101998    info <general>: CActiveAESink::OpenSink - initialize sink
2026-09-10 11:23:09.921 T:103010 warning <general>: OutputPicture - timeout waiting for buffer
2026-09-10 11:23:09.921 T:103010    info <general>: thread end: video_thread
2026-09-10 11:23:09.921 T:103010   debug <general>: Thread VideoPlayerVideo 281471822587936 terminating
2026-09-10 11:23:09.922 T:102831    info <general>: deleting video codec
2026-09-10 11:23:09.924 T:102831    info <general>: Closing stream player 3
2026-09-10 11:23:09.928 T:103979   debug <general>: Thread JobWorker start, auto delete: true
2026-09-10 11:23:09.929 T:103979   debug <general>: [threads] name: 'JobWorker' priority: '1'
2026-09-10 11:23:09.930 T:102831   debug <general>: Thread VideoPlayer 281472074115104 terminating
2026-09-10 11:23:09.930 T:101983    info <general>: VideoPlayer: finished waiting
2026-09-10 11:23:09.931 T:101983    info <general>: CVideoPlayer::CloseFile()
2026-09-10 11:23:09.931 T:101983    info <general>: VideoPlayer: waiting for threads to exit
2026-09-10 11:23:09.931 T:101983    info <general>: VideoPlayer: finished waiting
2026-09-10 11:23:09.932 T:101983   debug <general>: Radio UECP (RDS) Processor - delete ~CDVDRadioRDSData
2026-09-10 11:23:09.932 T:101983   debug <general>: Audio ID3 tag processor - delete ~CVideoPlayerAudioID3
2026-09-10 11:23:09.948 T:103979   debug <general>: DoWork - Saving file state for video item /var/tmp/mp1b/past-lives.mkv
2026-09-10 11:23:09.974 T:103979   debug <general>: static void CSaveFileState::DoWork(CFileItem&, CBookmark&, bool): Finished saving file state for video item /var/tmp/mp1b/past-lives.mkv (listing update sent)
2026-09-10 11:23:09.975 T:103979   debug <general>: virtual void CApplicationPlayerCallback::OnPlayBackStopped(): call
2026-09-10 11:23:10.038 T:101983   debug <general>: virtual void CVideoLayerBridgeDRMPRIME::Disable(): MP2COLOR where=VideoLayerBridge:Disable plane=73 plane_fourcc=NV15
2026-09-10 11:23:10.038 T:101983   debug <general>: virtual void KODI::WINDOWING::GBM::CDRMAtomic::FlipPage(gbm_bo*, bool, bool, bool): Execute modeset at next commit
2026-09-10 11:23:10.093 T:101998   debug <general>: CActiveAESink::OpenSink - trying to open device ALSA:sysdefault:CARD=rockchiphdmi1
2026-09-10 11:23:10.094 T:101998    info <general>: CAESinkALSA::Initialize - Attempting to open device "sysdefault:CARD=rockchiphdmi1"
2026-09-10 11:23:10.094 T:101998    info <general>: MP2ALSA open:request device="sysdefault:CARD=rockchiphdmi1" devType=0 passthrough=0 rate=48000 channels=2 aeformat=15 aesparams=""
2026-09-10 11:23:10.100 T:101998    info <general>: CAESinkALSA::Initialize - Opened device "sysdefault:CARD=rockchiphdmi1"
2026-09-10 11:23:10.100 T:101998    info <general>: MP2ALSA open:result snd_pcm_name="sysdefault:CARD=rockchiphdmi1" type=14 state=OPEN
2026-09-10 11:23:10.100 T:101998    info <general>: MP2ALSA hw:before state=OPEN
2026-09-10 11:23:10.101 T:101998    info <general>: CAESinkALSA::InitializeHW - Your hardware does not support AE_FMT_FLOAT, trying other formats
2026-09-10 11:23:10.101 T:101998    info <general>: CAESinkALSA::InitializeHW - Using data format AE_FMT_S24NE4
2026-09-10 11:23:10.101 T:101998   debug <general>: CAESinkALSA::InitializeHW - Request: periodSize 2400, bufferSize 9600
2026-09-10 11:23:10.102 T:101998   debug <general>: CAESinkALSA::InitializeHW - Got: periodSize 2400, bufferSize 9600
2026-09-10 11:23:10.102 T:101998   debug <general>: CAESinkALSA::InitializeHW - Setting timeout to 200 ms
2026-09-10 11:23:10.102 T:101998    info <general>: MP2ALSA hw:after state=PREPARED rate=48000 channels=2 aeformat=9 periodSize=2400 frameSize=8
2026-09-10 11:23:10.102 T:101998    info <general>: MP2ALSA sw:params ret=0 start_threshold=2147483647 avail_min=2400 silence_size=5404319552844595200 boundary=5404319552844595200 state=PREPARED
2026-09-10 11:23:10.102 T:101998    info <general>: MP2ALSA sw:after state=PREPARED
2026-09-10 11:23:10.102 T:101998    info <general>: MP2ALSA chmap:set requested="FL FR" ret=0 state=PREPARED
2026-09-10 11:23:10.102 T:101998    info <general>: MP2ALSA nonblock ret=0 state=PREPARED
2026-09-10 11:23:10.102 T:101998    info <general>: MP2ALSA prepare ret=0 state=PREPARED
2026-09-10 11:23:10.102 T:101998   debug <general>: CAESinkALSA::GetChannelLayout - Input Channel Count: 2 Output Channel Count: 2
2026-09-10 11:23:10.102 T:101998   debug <general>: CAESinkALSA::GetChannelLayout - Requested Layout: FL, FR
2026-09-10 11:23:10.102 T:101998   debug <general>: CAESinkALSA::GetChannelLayout - Got Layout: FL, FR (ALSA: FL FR)
2026-09-10 11:23:10.103 T:101998   debug <general>: CActiveAESink::OpenSink - ALSA Initialized:
2026-09-10 11:23:10.103 T:101998   debug <general>:   Output Device : rockchip-hdmi1
2026-09-10 11:23:10.103 T:101998   debug <general>:   Sample Rate   : 48000
2026-09-10 11:23:10.103 T:101998   debug <general>:   Sample Format : AE_FMT_S24NE4
2026-09-10 11:23:10.103 T:101998   debug <general>:   Channel Count : 2
2026-09-10 11:23:10.103 T:101998   debug <general>:   Channel Layout: FL, FR
2026-09-10 11:23:10.103 T:101998   debug <general>:   Frames        : 2400
2026-09-10 11:23:10.103 T:101998   debug <general>:   Frame Size    : 8
2026-09-10 11:23:10.106 T:101997   debug <general>: void ActiveAE::CActiveAE::ConfigureLowLatency(): Low latency mode: true - Initial buffer level: 20ms (resample: false)
2026-09-10 11:23:10.106 T:101997   debug <general>: CActiveAE::ClearDiscardedBuffers - buffer pool deleted
2026-09-10 11:23:10.106 T:101998    info <general>: MP2ALSA write:first:before frames=2400 state=PREPARED fragmented=0
2026-09-10 11:23:10.106 T:101998    info <general>: MP2ALSA write:first:after frames=2400 ret=2400 (ok) state_before=PREPARED state_after=PREPARED
2026-09-10 11:23:10.229 T:101983   debug <general>: bool KODI::WINDOWING::GBM::CDRMPlane::SupportsFormatAndModifier(uint32_t, uint64_t): found plane format (AR24) and modifier (LINEAR)
2026-09-10 11:23:10.229 T:101983    info <general>: bool KODI::WINDOWING::GBM::CDRMUtils::FindGuiPlane(uint32_t, uint64_t): Using existing gui plane [3840x2160] id:57, format:AR24, modifier:LINEAR, crtc id:89
2026-09-10 11:23:10.230 T:101983   debug <general>: CWinSystemGbmGLESContext::SetFullScreen - resolution changed, creating a new window
2026-09-10 11:23:10.230 T:101983   debug <general>: OnLostDevice - notify display change event
2026-09-10 11:23:10.230 T:101983   debug <general>: void {anonymous}::DrmFbDestroyCallback(gbm_bo*, void*): Removing framebuffer: 337
2026-09-10 11:23:10.231 T:101983   debug <general>: CWinSystemGbmEGLContext::DestroyWindow - deinitialized GBM
2026-09-10 11:23:10.231 T:101983   debug <general>: virtual bool KODI::WINDOWING::GBM::CDRMUtils::SetMode(const RESOLUTION_INFO&): Found crtc mode: 3840x2560 @ 50 Hz
2026-09-10 11:23:10.231 T:101983   debug <general>: CGBMUtils::CreateSurface - created surface with size 3840x2560
2026-09-10 11:23:10.235 T:101983   debug <general>: bool KODI::WINDOWING::GBM::CDRMPlane::SupportsFormatAndModifier(uint32_t, uint64_t): found plane format (AR24) and modifier (LINEAR)
2026-09-10 11:23:10.235 T:101983    info <general>: bool KODI::WINDOWING::GBM::CDRMUtils::FindGuiPlane(uint32_t, uint64_t): Using existing gui plane [3840x2560] id:57, format:AR24, modifier:LINEAR, crtc id:89
2026-09-10 11:23:10.235 T:101983   debug <general>: CWinSystemGbmEGLContext::CreateNewWindow - initialized GBM
2026-09-10 11:23:10.238 T:101983   debug <general>: OnLostDevice - notify display change event
2026-09-10 11:23:10.238 T:101983   debug <general>: virtual bool KODI::WINDOWING::GBM::CDRMUtils::SetMode(const RESOLUTION_INFO&): Found crtc mode: 3840x2560 @ 50 Hz
2026-09-10 11:23:10.239 T:101983   debug <general>: virtual void KODI::WINDOWING::GBM::CDRMAtomic::FlipPage(gbm_bo*, bool, bool, bool): Execute modeset at next commit
2026-09-10 11:23:10.467 T:101998   error <general>: CAESinkALSA - snd_pcm_writei(-77) File descriptor in bad state - trying to recover, state=SETUP
2026-09-10 11:23:10.467 T:101998    info <general>: CAESinkALSA::HandleError(snd_pcm_writei(1)) - the PCM was stopped underneath us (SETUP), preparing it again
2026-09-10 11:23:10.467 T:101998    info <general>: CAESinkALSA::HandleError(snd_pcm_writei(1)) - prepared, state is now PREPARED
2026-09-10 11:23:10.487 T:101983    info <general>: GLES: Maximum texture width: 16383
2026-09-10 11:23:10.511 T:101983   debug <general>: CWinSystemGbmGLESContext::PresentRender - Sending display reset to all clients
2026-09-10 11:23:29.837 T:104021   debug <CWebserver[8080]>: request received for /jsonrpc
2026-09-10 11:23:29.872 T:101983   debug <general>: CPlayerCoreFactory::GetPlayers(/var/tmp/mp1b/past-lives.mkv)
2026-09-10 11:23:29.872 T:101983   debug <general>: CPlayerSelectionRule::GetPlayers: considering rule: system rules
2026-09-10 11:23:29.872 T:101983   debug <general>: CPlayerSelectionRule::GetPlayers: matches rule: system rules
2026-09-10 11:23:29.872 T:101983   debug <general>: CPlayerSelectionRule::GetPlayers: considering rule: mms/udp
2026-09-10 11:23:29.872 T:101983   debug <general>: CPlayerSelectionRule::GetPlayers: considering rule: lastfm/shout
2026-09-10 11:23:29.872 T:101983   debug <general>: CPlayerSelectionRule::GetPlayers: considering rule: rtmp
2026-09-10 11:23:29.872 T:101983   debug <general>: CPlayerSelectionRule::GetPlayers: considering rule: rtsp
2026-09-10 11:23:29.873 T:101983   debug <general>: CPlayerSelectionRule::GetPlayers: considering rule: streams
2026-09-10 11:23:29.873 T:101983   debug <general>: CPlayerSelectionRule::GetPlayers: considering rule: dvd
2026-09-10 11:23:29.873 T:101983   debug <general>: CPlayerSelectionRule::GetPlayers: considering rule: discimage
2026-09-10 11:23:29.873 T:101983   debug <general>: CPlayerSelectionRule::GetPlayers: considering rule: sdp/asf
2026-09-10 11:23:29.873 T:101983   debug <general>: CPlayerSelectionRule::GetPlayers: considering rule: nsv
2026-09-10 11:23:29.873 T:101983   debug <general>: CPlayerSelectionRule::GetPlayers: considering rule: radio
2026-09-10 11:23:29.873 T:101983   debug <general>: CPlayerCoreFactory::GetPlayers: matched 0 rules with players
2026-09-10 11:23:29.873 T:101983   debug <general>: CPlayerCoreFactory::GetPlayers: adding videodefaultplayer (VideoPlayer)
2026-09-10 11:23:29.873 T:101983   debug <general>: CPlayerCoreFactory::GetPlayers: for video=true, audio=false
2026-09-10 11:23:29.873 T:101983   debug <general>: CPlayerCoreFactory::GetPlayers: for video=true, audio=true
2026-09-10 11:23:29.873 T:101983   debug <general>: CPlayerCoreFactory::GetPlayers: added 1 players
2026-09-10 11:23:29.873 T:101983   debug <general>: CPlayerCoreFactory::GetPlayers(/var/tmp/mp1b/past-lives.mkv)
2026-09-10 11:23:29.873 T:101983   debug <general>: CPlayerSelectionRule::GetPlayers: considering rule: system rules
2026-09-10 11:23:29.873 T:101983   debug <general>: CPlayerSelectionRule::GetPlayers: matches rule: system rules
2026-09-10 11:23:29.873 T:101983   debug <general>: CPlayerSelectionRule::GetPlayers: considering rule: mms/udp
2026-09-10 11:23:29.873 T:101983   debug <general>: CPlayerSelectionRule::GetPlayers: considering rule: lastfm/shout
2026-09-10 11:23:29.873 T:101983   debug <general>: CPlayerSelectionRule::GetPlayers: considering rule: rtmp
2026-09-10 11:23:29.873 T:101983   debug <general>: CPlayerSelectionRule::GetPlayers: considering rule: rtsp
2026-09-10 11:23:29.873 T:101983   debug <general>: CPlayerSelectionRule::GetPlayers: considering rule: streams
2026-09-10 11:23:29.873 T:101983   debug <general>: CPlayerSelectionRule::GetPlayers: considering rule: dvd
2026-09-10 11:23:29.873 T:101983   debug <general>: CPlayerSelectionRule::GetPlayers: considering rule: discimage
2026-09-10 11:23:29.873 T:101983   debug <general>: CPlayerSelectionRule::GetPlayers: considering rule: sdp/asf
2026-09-10 11:23:29.873 T:101983   debug <general>: CPlayerSelectionRule::GetPlayers: considering rule: nsv
2026-09-10 11:23:29.873 T:101983   debug <general>: CPlayerSelectionRule::GetPlayers: considering rule: radio
2026-09-10 11:23:29.873 T:101983   debug <general>: CPlayerCoreFactory::GetPlayers: matched 0 rules with players
2026-09-10 11:23:29.873 T:101983   debug <general>: CPlayerCoreFactory::GetPlayers: adding videodefaultplayer (VideoPlayer)
2026-09-10 11:23:29.873 T:101983   debug <general>: CPlayerCoreFactory::GetPlayers: for video=true, audio=false
2026-09-10 11:23:29.873 T:101983   debug <general>: CPlayerCoreFactory::GetPlayers: for video=true, audio=true
2026-09-10 11:23:29.873 T:101983   debug <general>: CPlayerCoreFactory::GetPlayers: added 1 players
2026-09-10 11:23:29.876 T:101983   debug <general>: Radio UECP (RDS) Processor - new CDVDRadioRDSData
2026-09-10 11:23:29.876 T:101983   debug <general>: Audio ID3 tag processor - new CVideoPlayerAudioID3
2026-09-10 11:23:29.876 T:101983    info <general>: VideoPlayer::OpenFile: /var/tmp/mp1b/past-lives.mkv
2026-09-10 11:23:29.876 T:101983   debug <general>: GLES: HQ scaler precision=10, intermediate format=0x8059
2026-09-10 11:23:29.876 T:104023   debug <general>: Thread VideoPlayer start, auto delete: false
2026-09-10 11:23:29.876 T:101983   debug <general>: virtual void CApplicationPlayerCallback::OnPlayBackStarted(const CFileItem&): call
2026-09-10 11:23:29.876 T:104023    info <general>: Creating InputStream
2026-09-10 11:23:29.883 T:101983   debug <general>: CVideoGUIInfo::InitCurrentItem(/var/tmp/mp1b/past-lives.mkv)
2026-09-10 11:23:29.888 T:103979   debug <general>: Loading settings for /var/tmp/mp1b/past-lives.mkv
2026-09-10 11:23:29.891 T:104023   debug <general>: ScanForExternalSubtitles: Searching for subtitles...
2026-09-10 11:23:29.891 T:104023   debug <general>: ScanForExternalSubtitles: END (total time: 0 ms)
2026-09-10 11:23:29.891 T:104023    info <general>: Creating Demuxer
2026-09-10 11:23:29.892 T:104023   debug <general>: Open - probing detected format [matroska,webm]
2026-09-10 11:23:29.892 T:104023   debug <general>: Open - avformat_find_stream_info starting
2026-09-10 11:23:29.894 T:104023   debug <general>: Open - av_find_stream_info finished
2026-09-10 11:23:29.894 T:104023    info <general>: ffmpeg[0xaaaaf54730a0]: Input #0, matroska,webm, from '/var/tmp/mp1b/past-lives.mkv':
2026-09-10 11:23:29.894 T:104023    info <general>: ffmpeg[0xaaaaf54730a0]:   Metadata:
2026-09-10 11:23:29.894 T:104023    info <general>: ffmpeg[0xaaaaf54730a0]:     encoder         : libebml v1.4.4 + libmatroska v1.7.1
2026-09-10 11:23:29.894 T:104023    info <general>: ffmpeg[0xaaaaf54730a0]:   Duration: 01:45:43.52, start: 0.000000, bitrate: 15236 kb/s
2026-09-10 11:23:29.894 T:104023    info <general>: ffmpeg[0xaaaaf54730a0]:   Stream #0:0: Video: hevc (Main 10), yuv420p10le(tv, bt2020nc/bt2020/smpte2084), 3840x2080 [SAR 481:480 DAR 37:20], 23.98 fps, 23.98 tbr, 1k tbn (default)
2026-09-10 11:23:29.894 T:104023    info <general>: ffmpeg[0xaaaaf54730a0]:   Stream #0:1(eng): Audio: eac3, 48000 Hz, 5.1(side), fltp, 640 kb/s (default)
2026-09-10 11:23:29.894 T:104023    info <general>: ffmpeg[0xaaaaf54730a0]:   Stream #0:2(eng): Subtitle: ass (ssa) (default) (forced)
2026-09-10 11:23:29.894 T:104023    info <general>: ffmpeg[0xaaaaf54730a0]:     Metadata:
2026-09-10 11:23:29.894 T:104023    info <general>: ffmpeg[0xaaaaf54730a0]:       title           : English [Forced]
2026-09-10 11:23:29.894 T:104023    info <general>: ffmpeg[0xaaaaf54730a0]:   Stream #0:3(eng): Subtitle: ass (ssa)
2026-09-10 11:23:29.894 T:104023    info <general>: ffmpeg[0xaaaaf54730a0]:     Metadata:
2026-09-10 11:23:29.894 T:104023    info <general>: ffmpeg[0xaaaaf54730a0]:       title           : English [SDH]
2026-09-10 11:23:29.894 T:104023    info <general>: ffmpeg[0xaaaaf54730a0]:   Stream #0:4(fre): Subtitle: ass (ssa)
2026-09-10 11:23:29.894 T:104023    info <general>: ffmpeg[0xaaaaf54730a0]:     Metadata:
2026-09-10 11:23:29.894 T:104023    info <general>: ffmpeg[0xaaaaf54730a0]:       title           : French Canadian [SDH]
2026-09-10 11:23:29.894 T:104023   debug <general>: CDVDDemuxFFmpeg::AddStream ID: 0
2026-09-10 11:23:29.894 T:104023   debug <general>: CDVDDemuxFFmpeg::AddStream ID: 1
2026-09-10 11:23:29.894 T:104023   debug <general>: CDVDDemuxFFmpeg::AddStream ID: 2
2026-09-10 11:23:29.894 T:104023   debug <general>: CDVDDemuxFFmpeg::AddStream ID: 3
2026-09-10 11:23:29.894 T:104023   debug <general>: CDVDDemuxFFmpeg::AddStream ID: 4
2026-09-10 11:23:29.895 T:104023    info <general>: Opening stream: 0 source: 256
2026-09-10 11:23:29.895 T:104023    info <general>: [WHITELIST] Searching the whitelist for: width: 3840, height: 2080, fps: 23.976, 3D: false
2026-09-10 11:23:29.895 T:104023   debug <general>: [WHITELIST] Searching for an exact resolution with an exact refresh rate
2026-09-10 11:23:29.895 T:104023   debug <general>: [WHITELIST] Matched an exact resolution with an exact refresh rate 3840x2160 @ 23.976000 Hz (26)
2026-09-10 11:23:29.897 T:104023    info <general>: Display resolution ADJUST : 3840x2160 @ 23.976000 Hz (26) (weight: 0.000)
2026-09-10 11:23:29.899 T:101983   debug <general>: CPlayerGUIInfo::InitCurrentItem(/var/tmp/mp1b/past-lives.mkv)
2026-09-10 11:23:30.000 T:101983   debug <general>: ------ Window Init (DialogBusy.xml) ------
2026-09-10 11:23:30.001 T:101983   debug <general>: CWinSystemGbmGLESContext::SetFullScreen - resolution changed, creating a new window
2026-09-10 11:23:30.001 T:101983   debug <general>: OnLostDevice - notify display change event
2026-09-10 11:23:30.001 T:101983    info <general>: VideoPlayer: OnLostDisplay received
2026-09-10 11:23:30.001 T:101983   debug <general>: Flush - flushing renderer
2026-09-10 11:23:30.003 T:101983   debug <general>: void {anonymous}::DrmFbDestroyCallback(gbm_bo*, void*): Removing framebuffer: 339
2026-09-10 11:23:30.003 T:101983   debug <general>: CWinSystemGbmEGLContext::DestroyWindow - deinitialized GBM
2026-09-10 11:23:30.004 T:101983   debug <general>: virtual bool KODI::WINDOWING::GBM::CDRMUtils::SetMode(const RESOLUTION_INFO&): Found crtc mode: 3840x2160 @ 24 Hz
2026-09-10 11:23:30.004 T:101983   debug <general>: CGBMUtils::CreateSurface - created surface with size 3840x2160
2026-09-10 11:23:30.015 T:101983   debug <general>: bool KODI::WINDOWING::GBM::CDRMPlane::SupportsFormatAndModifier(uint32_t, uint64_t): found plane format (AR24) and modifier (LINEAR)
2026-09-10 11:23:30.015 T:101983    info <general>: bool KODI::WINDOWING::GBM::CDRMUtils::FindGuiPlane(uint32_t, uint64_t): Using existing gui plane [3840x2160] id:57, format:AR24, modifier:LINEAR, crtc id:89
2026-09-10 11:23:30.015 T:101983   debug <general>: CWinSystemGbmEGLContext::CreateNewWindow - initialized GBM
2026-09-10 11:23:30.025 T:101983   debug <general>: OnLostDevice - notify display change event
2026-09-10 11:23:30.025 T:101983    info <general>: VideoPlayer: OnLostDisplay received
2026-09-10 11:23:30.025 T:101983   debug <general>: Flush - flushing renderer
2026-09-10 11:23:30.025 T:101983   debug <general>: virtual bool KODI::WINDOWING::GBM::CDRMUtils::SetMode(const RESOLUTION_INFO&): Found crtc mode: 3840x2160 @ 24 Hz
2026-09-10 11:23:30.025 T:101983   debug <general>: virtual void KODI::WINDOWING::GBM::CDRMAtomic::FlipPage(gbm_bo*, bool, bool, bool): Execute modeset at next commit
2026-09-10 11:23:30.118 T:101998   error <general>: CAESinkALSA - snd_pcm_writei(-77) File descriptor in bad state - trying to recover, state=SETUP
2026-09-10 11:23:30.119 T:101998    info <general>: CAESinkALSA::HandleError(snd_pcm_writei(1)) - the PCM was stopped underneath us (SETUP), preparing it again
2026-09-10 11:23:30.119 T:101998    info <general>: CAESinkALSA::HandleError(snd_pcm_writei(1)) - prepared, state is now PREPARED
2026-09-10 11:23:30.160 T:101983    info <general>: GLES: Maximum texture width: 16383
2026-09-10 11:23:30.164 T:104023    info <general>: Creating video codec: hevc
2026-09-10 11:23:30.164 T:104023    info <general>: CDVDVideoCodecDRMPRIME::Open - using decoder Rockchip MPP (Media Process Platform) HEVC decoder
2026-09-10 11:23:30.164 T:104023   debug <general>: CDVDVideoCodecDRMPRIME::Open - creating rkmpp hwdevice context using device: (null)
2026-09-10 11:23:30.166 T:104023   debug <general>: CVideoPlayerVideo::OpenStream - open stream with codec: hevc
2026-09-10 11:23:30.166 T:104023    info <general>: Creating video thread
2026-09-10 11:23:30.167 T:104026   debug <general>: Thread VideoPlayerVideo start, auto delete: false
2026-09-10 11:23:30.167 T:104026    info <general>: running thread: video_thread
2026-09-10 11:23:30.167 T:104023   debug <general>: bool CEdl::ReadEditDecisionLists(const CFileItem&, float, std::chrono::milliseconds): Checking for edit decision lists (EDL) for: /var/tmp/mp1b/past-lives.mkv
2026-09-10 11:23:30.167 T:104026   debug <general>: CVideoPlayerVideo - CDVDMsg::GENERAL_PAUSE: true
2026-09-10 11:23:30.176 T:104023   debug <general>: CVideoPlayer::OpenStream: m_bFullScreenVideo set pre-Configure, viewport 3840x2160
2026-09-10 11:23:30.177 T:104023    info <general>: Opening stream: 1 source: 256
2026-09-10 11:23:30.177 T:104023    info <general>: Finding audio codec for: 86056
2026-09-10 11:23:30.177 T:104023    info <general>: CDVDAudioCodecFFmpeg::Open() Successful opened audio decoder eac3
2026-09-10 11:23:30.177 T:104023    info <general>: void CVideoPlayerAudio::OpenStream(CDVDStreamInfo&, std::unique_ptr<CDVDAudioCodec>): Allowing max Out-Of-Sync Value of 50 ms
2026-09-10 11:23:30.177 T:104023    info <general>: Creating audio thread
2026-09-10 11:23:30.178 T:104027   debug <general>: Thread VideoPlayerAudio start, auto delete: false
2026-09-10 11:23:30.178 T:104027    info <general>: running thread: CVideoPlayerAudio::Process()
2026-09-10 11:23:30.178 T:104027   debug <general>: CVideoPlayerAudio - CDVDMsg::GENERAL_PAUSE: true
2026-09-10 11:23:30.178 T:104023    info <general>: Opening stream: 2 source: 256
2026-09-10 11:23:30.178 T:104023    info <general>: CDVDSubtitlesLibass: Using libass version 1703000
2026-09-10 11:23:30.178 T:104023    info <general>: CDVDSubtitlesLibass: Creating ASS library structure
2026-09-10 11:23:30.178 T:104023    info <general>: CDVDSubtitlesLibass: Initializing ASS Renderer
2026-09-10 11:23:30.178 T:104023   debug <general>: CDVDSubtitlesLibass: [ass] libass API version: 0x1703000
2026-09-10 11:23:30.178 T:104023   debug <general>: CDVDSubtitlesLibass: [ass] libass source: tarball: 0.17.3
2026-09-10 11:23:30.179 T:104023   debug <general>: CDVDSubtitlesLibass: [ass] Shaper: FriBidi 1.0.16 (SIMPLE) HarfBuzz-ng 10.2.0 (COMPLEX)
2026-09-10 11:23:30.179 T:104023    info <general>: CDVDSubtitlesLibass: Initializing ASS library font settings
2026-09-10 11:23:30.193 T:101983   debug <general>: CWinSystemGbmGLESContext::PresentRender - Sending display reset to all clients
2026-09-10 11:23:30.193 T:101983    info <general>: VideoPlayer: OnResetDisplay received
2026-09-10 11:23:30.193 T:104027   debug <general>: CVideoPlayerAudio - CDVDMsg::GENERAL_PAUSE: false
2026-09-10 11:23:30.193 T:104026   debug <general>: CVideoPlayerVideo - CDVDMsg::GENERAL_PAUSE: false
2026-09-10 11:23:30.195 T:101983    info <general>: [WHITELIST] Searching the whitelist for: width: 3840, height: 2080, fps: 23.976, 3D: false
2026-09-10 11:23:30.195 T:101983   debug <general>: [WHITELIST] Searching for an exact resolution with an exact refresh rate
2026-09-10 11:23:30.196 T:101983   debug <general>: [WHITELIST] Matched an exact resolution with an exact refresh rate 3840x2160 @ 23.976000 Hz (26)
2026-09-10 11:23:30.196 T:101983    info <general>: Display resolution ADJUST : 3840x2160 @ 23.976000 Hz (26) (weight: 0.000)
2026-09-10 11:23:30.213 T:104023   debug <general>: CDVDSubtitlesLibass: [ass] Using font provider fontconfig
2026-09-10 11:23:30.214 T:104023    info <general>: CDVDSubtitlesLibass: Creating new ASS track
2026-09-10 11:23:30.214 T:104023   debug <general>: Created subtitles overlay codec: SSA Subtitle Decoder
2026-09-10 11:23:30.214 T:104023   debug <general>: CVideoPlayer::SetCaching - caching state 2
2026-09-10 11:23:30.214 T:104023   debug <general>: CDVDClock::SetSpeedAdjust - adjusted:0.000000
2026-09-10 11:23:30.214 T:104023   debug <general>: CVideoPlayer::HandleMessages - player 2 reported state: 0
2026-09-10 11:23:30.214 T:104023   debug <general>: CVideoPlayer::HandleMessages - player 1 reported state: 0
2026-09-10 11:23:30.214 T:103979   debug <general>: virtual void CApplicationPlayerCallback::OnAVChange(): call
2026-09-10 11:23:30.214 T:104023    info <general>: Skipped 1 duplicate messages..
2026-09-10 11:23:30.214 T:104023   debug <general>: CVideoPlayer::SetCaching - caching state 1
2026-09-10 11:23:30.214 T:104026   debug <general>: CVideoPlayerVideo - Stillframe left, switching to normal playback
2026-09-10 11:23:30.214 T:104023   debug <general>: CDVDClock::SetSpeedAdjust - adjusted:0.000000
2026-09-10 11:23:30.214 T:104023   debug <general>: CVideoPlayer::CheckContinuity - wrapback :2, prev:375000.000000, curr:0.000000, diff:-375000.000000
2026-09-10 11:23:30.222 T:104026   debug <general>: CRenderManager::Configure - change configuration. 3840x2080. display: 3840x2075. framerate: 23.98.
2026-09-10 11:23:30.223 T:104023   debug <general>: CVideoPlayer::SetCaching - caching state 2
2026-09-10 11:23:30.223 T:104023   debug <general>: CDVDClock::SetSpeedAdjust - adjusted:0.000000
2026-09-10 11:23:30.223 T:104027   debug <general>: CDVDAudio::Pause - pausing audio stream
2026-09-10 11:23:30.224 T:104027    info <general>: Skipped 2 duplicate messages..
2026-09-10 11:23:30.224 T:104027    info <general>: CVideoPlayerAudio: display reset occurred, checking for passthrough
2026-09-10 11:23:30.224 T:104027    info <general>: CDVDAudioCodecFFmpeg::Open() Successful opened audio decoder eac3
2026-09-10 11:23:30.224 T:104027    info <general>: Creating audio stream (codec: eac3, channels: 6, sample rate: 48000, no pass-through)
2026-09-10 11:23:30.224 T:104027   debug <general>: CVideoPlayerAudio:: synctype set to 0: clock feedback
2026-09-10 11:23:30.253 T:101983   debug <general>: DeleteRenderer - deleting renderer
2026-09-10 11:23:30.253 T:101983   debug <general>: LinuxRendererGLES: Cleaning up GLES resources
2026-09-10 11:23:30.254 T:101983   debug <general>: bool KODI::WINDOWING::GBM::CDRMPlane::SupportsFormatAndModifier(uint32_t, uint64_t): found plane format (AR24) and modifier (LINEAR)
2026-09-10 11:23:30.254 T:101983   debug <general>: bool KODI::WINDOWING::GBM::CDRMPlane::SupportsFormatAndModifier(uint32_t, uint64_t): found plane format (NV15) and modifier (LINEAR)
2026-09-10 11:23:30.254 T:101983   debug <general>: bool KODI::WINDOWING::GBM::CDRMPlane::MoveOnTopOf(KODI::WINDOWING::GBM::CDRMPlane*): zpos_available: true
2026-09-10 11:23:30.254 T:101983   debug <general>: bool KODI::WINDOWING::GBM::CDRMPlane::MoveOnTopOf(KODI::WINDOWING::GBM::CDRMPlane*): plane 57 zpos: 11[0-11], immutable: false
2026-09-10 11:23:30.254 T:101983   debug <general>: bool KODI::WINDOWING::GBM::CDRMPlane::MoveOnTopOf(KODI::WINDOWING::GBM::CDRMPlane*): plane 73 zpos: 0[0-11], immutable: false
2026-09-10 11:23:30.254 T:101983    info <general>: bool KODI::WINDOWING::GBM::CDRMUtils::FindVideoAndGuiPlane(uint32_t, uint64_t, uint64_t, uint64_t): Using gui plane [3840x2160] id:57, video plane [3840x2080] id:73 on crtc id:89 for video format:NV15, video modifier:LINEAR
2026-09-10 11:23:30.254 T:101983   debug <general>: MP2COLOR where=SetColorimetry:enter:picture gui_plane=57/AR24 video_plane=73/NV15 yuv_scanout=1 colorimetry=Default eotf=0 gui[COLOR_ENCODING=0 COLOR_RANGE=0] video[COLOR_ENCODING=2 COLOR_RANGE=0] conn[Colorspace=0 color_depth=0 max_bpc=absent HDR_OUTPUT_METADATA=0] crtc=89
2026-09-10 11:23:30.254 T:101983   debug <general>: std::optional<bool> KODI::WINDOWING::GBM::CWinSystemGbm::RequestRgbOutput(bool): requesting output pixel format "ycbcr444" (1)
2026-09-10 11:23:30.254 T:101983   debug <general>: virtual void KODI::WINDOWING::GBM::CWinSystemGbm::SetColorimetry(const VideoPicture*): setting connector colorspace to BT2020_YCC (source BT2020_YCC)
2026-09-10 11:23:30.254 T:101983   debug <general>: MP2COLOR where=SetColorimetry:exit gui_plane=57/AR24 video_plane=73/NV15 yuv_scanout=1 colorimetry=BT2020_YCC eotf=0 gui[COLOR_ENCODING=0 COLOR_RANGE=0] video[COLOR_ENCODING=2 COLOR_RANGE=0] conn[Colorspace=0 color_depth=0 max_bpc=absent HDR_OUTPUT_METADATA=0] crtc=89
2026-09-10 11:23:30.254 T:101983   debug <general>: MP2COLOR where=SetHDR:enter:picture gui_plane=57/AR24 video_plane=73/NV15 yuv_scanout=1 colorimetry=BT2020_YCC eotf=0 gui[COLOR_ENCODING=0 COLOR_RANGE=0] video[COLOR_ENCODING=2 COLOR_RANGE=0] conn[Colorspace=0 color_depth=0 max_bpc=absent HDR_OUTPUT_METADATA=0] crtc=89
2026-09-10 11:23:30.254 T:101983   debug <general>: void KODI::WINDOWING::GBM::CWinSystemGbm::SetDeepColor(bool): no "max bpc" property; setting color_depth to 30bit
2026-09-10 11:23:30.254 T:101983   debug <general>: MP2COLOR where=SetHDR:exit:hdr gui_plane=57/AR24 video_plane=73/NV15 yuv_scanout=1 colorimetry=BT2020_YCC eotf=2 gui[COLOR_ENCODING=0 COLOR_RANGE=0] video[COLOR_ENCODING=2 COLOR_RANGE=0] conn[Colorspace=0 color_depth=0 max_bpc=absent HDR_OUTPUT_METADATA=0] crtc=89
2026-09-10 11:23:30.254 T:101983   debug <general>: CRendererDRMPRIME::Configure: HDR passthrough: on
2026-09-10 11:23:30.264 T:101983   debug <general>: CGuiCompositeShaderGLES::CreateLUTs - created PQ LUT (256 entries)
2026-09-10 11:23:30.264 T:101983   debug <general>: CBaseRenderer::ManageRenderArea: viewRect 0x0 -> 3840x2160
2026-09-10 11:23:30.264 T:101983   debug <general>: CRenderManager::Configure - 5
2026-09-10 11:23:30.265 T:101983   debug <general>: CWinSystemGbmGLESContext: created GUI FBO 3840x2160
2026-09-10 11:23:30.266 T:101983   debug <general>: virtual void CVideoLayerBridgeDRMPRIME::Configure(CVideoBufferDRMPRIME*): MP2COLOR where=VideoLayerBridge:Configure plane=73 plane_fourcc=NV15 encoding=ITU-R BT.2020 YCbCr range=YCbCr limited range
2026-09-10 11:23:30.269 T:101998    info <general>: CActiveAESink::OpenSink - initialize sink
2026-09-10 11:23:30.273 T:104023   debug <general>: CVideoPlayer::HandleMessages - player started 2
2026-09-10 11:23:30.273 T:103979   debug <general>: virtual void CApplicationPlayerCallback::OnAVChange(): call
2026-09-10 11:23:30.280 T:101983   debug <general>: virtual void KODI::WINDOWING::GBM::CDRMAtomic::FlipPage(gbm_bo*, bool, bool, bool): Execute modeset at next commit
2026-09-10 11:23:30.469 T:101998   debug <general>: CActiveAESink::OpenSink - trying to open device ALSA:sysdefault:CARD=rockchiphdmi1
2026-09-10 11:23:30.469 T:101998    info <general>: CAESinkALSA::Initialize - Attempting to open device "sysdefault:CARD=rockchiphdmi1"
2026-09-10 11:23:30.469 T:101998    info <general>: MP2ALSA open:request device="sysdefault:CARD=rockchiphdmi1" devType=0 passthrough=0 rate=48000 channels=2 aeformat=24 aesparams=""
2026-09-10 11:23:30.473 T:101998    info <general>: CAESinkALSA::Initialize - Opened device "sysdefault:CARD=rockchiphdmi1"
2026-09-10 11:23:30.473 T:101998    info <general>: MP2ALSA open:result snd_pcm_name="sysdefault:CARD=rockchiphdmi1" type=14 state=OPEN
2026-09-10 11:23:30.473 T:101998    info <general>: MP2ALSA hw:before state=OPEN
2026-09-10 11:23:30.473 T:101998    info <general>: CAESinkALSA::InitializeHW - Your hardware does not support AE_FMT_FLOAT, trying other formats
2026-09-10 11:23:30.473 T:101998    info <general>: CAESinkALSA::InitializeHW - Using data format AE_FMT_S24NE4
2026-09-10 11:23:30.473 T:101998   debug <general>: CAESinkALSA::InitializeHW - Request: periodSize 2400, bufferSize 9600
2026-09-10 11:23:30.473 T:101998   debug <general>: CAESinkALSA::InitializeHW - Got: periodSize 2400, bufferSize 9600
2026-09-10 11:23:30.473 T:101998   debug <general>: CAESinkALSA::InitializeHW - Setting timeout to 200 ms
2026-09-10 11:23:30.474 T:101998    info <general>: MP2ALSA hw:after state=PREPARED rate=48000 channels=2 aeformat=9 periodSize=2400 frameSize=8
2026-09-10 11:23:30.474 T:101998    info <general>: MP2ALSA sw:params ret=0 start_threshold=2147483647 avail_min=2400 silence_size=5404319552844595200 boundary=5404319552844595200 state=PREPARED
2026-09-10 11:23:30.474 T:101998    info <general>: MP2ALSA sw:after state=PREPARED
2026-09-10 11:23:30.474 T:101998    info <general>: MP2ALSA chmap:set requested="FL FR" ret=0 state=PREPARED
2026-09-10 11:23:30.474 T:101998    info <general>: MP2ALSA nonblock ret=0 state=PREPARED
2026-09-10 11:23:30.474 T:101998    info <general>: MP2ALSA prepare ret=0 state=PREPARED
2026-09-10 11:23:30.474 T:101998   debug <general>: CAESinkALSA::GetChannelLayout - Input Channel Count: 2 Output Channel Count: 2
2026-09-10 11:23:30.474 T:101998   debug <general>: CAESinkALSA::GetChannelLayout - Requested Layout: FL, FR
2026-09-10 11:23:30.474 T:101998   debug <general>: CAESinkALSA::GetChannelLayout - Got Layout: FL, FR (ALSA: FL FR)
2026-09-10 11:23:30.474 T:101998   debug <general>: CActiveAESink::OpenSink - ALSA Initialized:
2026-09-10 11:23:30.474 T:101998   debug <general>:   Output Device : rockchip-hdmi1
2026-09-10 11:23:30.474 T:101998   debug <general>:   Sample Rate   : 48000
2026-09-10 11:23:30.474 T:101998   debug <general>:   Sample Format : AE_FMT_S24NE4
2026-09-10 11:23:30.474 T:101998   debug <general>:   Channel Count : 2
2026-09-10 11:23:30.474 T:101998   debug <general>:   Channel Layout: FL, FR
2026-09-10 11:23:30.474 T:101998   debug <general>:   Frames        : 2400
2026-09-10 11:23:30.474 T:101998   debug <general>:   Frame Size    : 8
2026-09-10 11:23:30.476 T:101998    info <general>: MP2ALSA write:first:before frames=2400 state=PREPARED fragmented=0
2026-09-10 11:23:30.476 T:101998    info <general>: MP2ALSA write:first:after frames=2400 ret=2400 (ok) state_before=PREPARED state_after=PREPARED
2026-09-10 11:23:30.476 T:101997   debug <general>: void ActiveAE::CActiveAE::ConfigureLowLatency(): Low latency mode: true - Initial buffer level: 20ms (resample: false)
2026-09-10 11:23:30.476 T:101997   debug <general>: CActiveAE::ClearDiscardedBuffers - buffer pool deleted
2026-09-10 11:23:30.485 T:104023   debug <general>: CVideoPlayer::HandleMessages - player started 1
2026-09-10 11:23:30.485 T:104023   debug <general>: CVideoPlayer::SetCaching - caching state 3
2026-09-10 11:23:30.485 T:104023   debug <general>: CDVDClock::SetSpeedAdjust - adjusted:0.000000
2026-09-10 11:23:30.485 T:104023   debug <general>: CVideoPlayer::SetCaching - caching state 0
2026-09-10 11:23:30.485 T:104023   debug <general>: CDVDClock::SetSpeedAdjust - adjusted:0.000000
2026-09-10 11:23:30.485 T:104023   debug <general>: VideoPlayer::Sync - Audio - pts: 288000.000000, cache: 515485.426785, totalcache: 800000.011921
2026-09-10 11:23:30.485 T:103979   debug <general>: virtual void CApplicationPlayerCallback::OnAVChange(): call
2026-09-10 11:23:30.485 T:104023   debug <general>: VideoPlayer::Sync - Video - pts: 0.000000, cache: 50000.000000, totalcache: 100000.000000
2026-09-10 11:23:30.485 T:104027   debug <general>: CVideoPlayerAudio - CDVDMsg::GENERAL_RESYNC(-227485.426785), level: 92, cache: 510761.885785
2026-09-10 11:23:30.485 T:104027   debug <general>: CDVDAudio::Resume - resume audio stream
2026-09-10 11:23:30.485 T:104026   debug <general>: CVideoPlayerVideo - CDVDMsg::GENERAL_RESYNC(-227485.426785)
2026-09-10 11:23:30.485 T:103979   debug <general>: virtual void CApplicationPlayerCallback::OnAVStarted(const CFileItem&): call
2026-09-10 11:23:30.485 T:101997   debug <general>: ActiveAE - start sync of audio stream
2026-09-10 11:23:30.495 T:101983   debug <general>: Activating window ID: 12005
2026-09-10 11:23:30.495 T:101983   debug <general>: ------ Window Deinit (Home.xml) ------
2026-09-10 11:23:30.496 T:101983   debug <general>: FreeVisualisation() done
2026-09-10 11:23:30.496 T:101983   debug <general>: ------ Window Init (VideoFullScreen.xml) ------
2026-09-10 11:23:30.497 T:101983    info <general>: [WHITELIST] Searching the whitelist for: width: 3840, height: 2080, fps: 23.976, 3D: false
2026-09-10 11:23:30.497 T:101983   debug <general>: [WHITELIST] Searching for an exact resolution with an exact refresh rate
2026-09-10 11:23:30.497 T:101983   debug <general>: [WHITELIST] Matched an exact resolution with an exact refresh rate 3840x2160 @ 23.976000 Hz (26)
2026-09-10 11:23:30.498 T:101983    info <general>: Display resolution ADJUST : 3840x2160 @ 23.976000 Hz (26) (weight: 0.000)
2026-09-10 11:23:30.507 T:103979   debug <general>: virtual void CApplicationPlayerCallback::OnAVChange(): call
2026-09-10 11:23:30.536 T:101983   debug <general>: ------ Window Deinit (DialogBusy.xml) ------
2026-09-10 11:23:30.626 T:101997   debug <general>: ActiveAE::SyncStream - average error of 3.357246, start adjusting
2026-09-10 11:23:30.626 T:101997   debug <general>: ActiveAE::SyncStream - average error 0.357246 below threshold of 30.000000
2026-09-10 11:23:35.417 T:104026   debug <general>: CPtsTracker: detected pattern of length 1: 41708.33, frameduration: 41708.333333
2026-09-10 11:24:00.508 T:103979   debug <general>: Thread JobWorker 281471814133792 terminating (autodelete)
2026-09-10 11:24:29.896 T:104089   debug <CWebserver[8080]>: request received for /jsonrpc
2026-09-10 11:24:29.927 T:101983   debug <general>: CGUIWindowManager::PreviousWindow: Deactivate
2026-09-10 11:24:29.928 T:101983   debug <general>: ------ Window Deinit (VideoFullScreen.xml) ------
2026-09-10 11:24:29.946 T:101983   debug <general>: CGUIWindowManager::PreviousWindow: Activate new
2026-09-10 11:24:29.946 T:101983   debug <general>: ------ Window Init (Home.xml) ------
2026-09-10 11:24:29.947 T:101983   debug <general>: CDirectoryProvider[addons://]: refreshing...
2026-09-10 11:24:29.947 T:104091   debug <general>: Thread JobWorker start, auto delete: true
2026-09-10 11:24:29.947 T:104091   debug <general>: [threads] name: 'JobWorker' priority: '1'
2026-09-10 11:24:29.947 T:101983   debug <general>: CDirectoryProvider[addons://sources/video/]: refreshing...
2026-09-10 11:24:29.947 T:104092   debug <general>: Thread JobWorker start, auto delete: true
2026-09-10 11:24:29.947 T:104092   debug <general>: [threads] name: 'JobWorker' priority: '1'
2026-09-10 11:24:29.947 T:101983   debug <general>: CDirectoryProvider[addons://sources/audio/]: refreshing...
2026-09-10 11:24:29.947 T:104093   debug <general>: Thread JobWorker start, auto delete: true
2026-09-10 11:24:29.947 T:104093   debug <general>: [threads] name: 'JobWorker' priority: '1'
2026-09-10 11:24:29.947 T:101983   debug <general>: CDirectoryProvider[addons://sources/game/]: refreshing...
2026-09-10 11:24:29.947 T:101983   debug <general>: CDirectoryProvider[addons://sources/executable/]: refreshing...
2026-09-10 11:24:29.947 T:101983   debug <general>: CDirectoryProvider[addons://sources/image/]: refreshing...
2026-09-10 11:24:29.947 T:101983   debug <general>: CDirectoryProvider[library://video/]: refreshing...
2026-09-10 11:24:29.947 T:101983   debug <general>: CDirectoryProvider[sources://video/]: refreshing...
2026-09-10 11:24:29.947 T:101983   debug <general>: CDirectoryProvider[special://videoplaylists/]: refreshing...
2026-09-10 11:24:29.948 T:101983   debug <general>: CDirectoryProvider[favourites://]: refreshing...
2026-09-10 11:24:29.948 T:101983   debug <general>: CDirectoryProvider[sources://pictures/]: refreshing...
2026-09-10 11:24:29.948 T:101983   debug <general>: CDirectoryProvider[addons://sources/game/]: refreshing...
2026-09-10 11:24:29.948 T:104091   debug <general>: CAddonDatabase: SELECT repo.id FROM repo .. took 0 ms
2026-09-10 11:24:29.951 T:104093   debug <general>: CMultiPathDirectory::GetDirectory(multipath://special%3a%2f%2fprofile%2fplaylists%2fvideo/special%3a%2f%2fprofile%2fplaylists%2fmixed/)
2026-09-10 11:24:29.951 T:104093   debug <general>: Getting Directory (special://profile/playlists/video)
2026-09-10 11:24:29.951 T:104093   debug <general>: Getting Directory (special://profile/playlists/mixed)
2026-09-10 11:24:29.951 T:104093   debug <general>: CMultiPathDirectory::MergeItems, items = 0
2026-09-10 11:24:29.970 T:104091   debug <general>: CAddonDatabase: query  SELECT addons.*, repo.addonID AS repoID FROM addons JOIN addonlinkrepo ON addons.id=addonlinkrepo.idAddon JOIN repo ON repo.id=addonlinkrepo.idRepo WHERE addonlinkrepo.idRepo IN (1) ORDER BY repo.addonID, addons.addonID returned 805 rows in 21 ms
2026-09-10 11:24:30.015 T:104091   debug <general>: CAddonDatabase::GetAddons took 67 ms
2026-09-10 11:24:30.020 T:104091   debug <general>: CAddonMgr::GetAvailableUpdatesOrOutdatedAddons took 72 ms
2026-09-10 11:24:41.927 T:104110   debug <CWebserver[8080]>: request received for /jsonrpc
2026-09-10 11:24:59.968 T:104092   debug <general>: Thread JobWorker 281472560785440 terminating (autodelete)
2026-09-10 11:24:59.977 T:104093   debug <general>: Thread JobWorker 281472065660960 terminating (autodelete)
2026-09-10 11:25:00.025 T:104091   debug <general>: Thread JobWorker 281472074115104 terminating (autodelete)
2026-09-10 11:25:11.908 T:104320   debug <CWebserver[8080]>: request received for /jsonrpc
2026-09-10 11:25:11.927 T:101983    info <general>: CVideoPlayer::CloseFile()
2026-09-10 11:25:11.927 T:101983   debug <general>: DeleteRenderer - deleting renderer
2026-09-10 11:25:11.930 T:101983   debug <general>: MP2COLOR where=SetHDR:enter:null gui_plane=57/AR24 video_plane=73/NV15 yuv_scanout=1 colorimetry=BT2020_YCC eotf=2 gui[COLOR_ENCODING=0 COLOR_RANGE=0] video[COLOR_ENCODING=2 COLOR_RANGE=0] conn[Colorspace=10 color_depth=10 max_bpc=absent HDR_OUTPUT_METADATA=347] crtc=89
2026-09-10 11:25:11.930 T:101983   debug <general>: virtual bool KODI::WINDOWING::GBM::CWinSystemGbm::SetHDR(const VideoPicture*): clearing HDR_OUTPUT_METADATA
2026-09-10 11:25:11.930 T:101983   debug <general>: void KODI::WINDOWING::GBM::CWinSystemGbm::SetDeepColor(bool): no "max bpc" property; setting color_depth to Automatic
2026-09-10 11:25:11.930 T:101983   debug <general>: MP2COLOR where=SetHDR:exit:cleared gui_plane=57/AR24 video_plane=73/NV15 yuv_scanout=1 colorimetry=BT2020_YCC eotf=0 gui[COLOR_ENCODING=0 COLOR_RANGE=0] video[COLOR_ENCODING=2 COLOR_RANGE=0] conn[Colorspace=10 color_depth=10 max_bpc=absent HDR_OUTPUT_METADATA=347] crtc=89
2026-09-10 11:25:11.930 T:101983   debug <general>: MP2COLOR where=SetColorimetry:enter:null gui_plane=57/AR24 video_plane=73/NV15 yuv_scanout=1 colorimetry=BT2020_YCC eotf=0 gui[COLOR_ENCODING=0 COLOR_RANGE=0] video[COLOR_ENCODING=2 COLOR_RANGE=0] conn[Colorspace=10 color_depth=10 max_bpc=absent HDR_OUTPUT_METADATA=347] crtc=89
2026-09-10 11:25:11.930 T:101983   debug <general>: std::optional<bool> KODI::WINDOWING::GBM::CWinSystemGbm::RequestRgbOutput(bool): requesting output pixel format "rgb" (0)
2026-09-10 11:25:11.930 T:101983   debug <general>: virtual void KODI::WINDOWING::GBM::CWinSystemGbm::SetColorimetry(const VideoPicture*): setting connector colorspace to Default (source Default)
2026-09-10 11:25:11.930 T:101983   debug <general>: MP2COLOR where=SetColorimetry:exit gui_plane=57/AR24 video_plane=73/NV15 yuv_scanout=1 colorimetry=Default eotf=0 gui[COLOR_ENCODING=0 COLOR_RANGE=0] video[COLOR_ENCODING=2 COLOR_RANGE=0] conn[Colorspace=10 color_depth=10 max_bpc=absent HDR_OUTPUT_METADATA=347] crtc=89
2026-09-10 11:25:11.930 T:101983    info <general>: VideoPlayer: waiting for threads to exit
2026-09-10 11:25:11.930 T:104023    info <general>: CVideoPlayer::OnExit()
2026-09-10 11:25:11.930 T:104023    info <general>: Closing stream player 1
2026-09-10 11:25:11.930 T:104023    info <general>: Waiting for audio thread to exit
2026-09-10 11:25:11.975 T:104027    info <general>: thread end: CVideoPlayerAudio::OnExit()
2026-09-10 11:25:11.975 T:104027   debug <general>: Thread VideoPlayerAudio 281472979822624 terminating
2026-09-10 11:25:11.975 T:104023    info <general>: Closing audio device
2026-09-10 11:25:12.024 T:104023   debug <general>: CDVDAudio::Flush - flush audio stream
2026-09-10 11:25:12.025 T:101997   debug <general>: CActiveAE::DiscardStream - audio stream deleted
2026-09-10 11:25:12.025 T:101997   debug <general>: CActiveAE::ClearDiscardedBuffers - buffer pool deleted
2026-09-10 11:25:12.025 T:104023    info <general>: Skipped 2 duplicate messages..
2026-09-10 11:25:12.025 T:104023    info <general>: Deleting audio codec
2026-09-10 11:25:12.025 T:104023    info <general>: Closing stream player 2
2026-09-10 11:25:12.025 T:104023    info <general>: waiting for video thread to exit
2026-09-10 11:25:12.025 T:101998    info <general>: CActiveAESink::OpenSink - initialize sink
2026-09-10 11:25:12.053 T:104026 warning <general>: OutputPicture - timeout waiting for buffer
2026-09-10 11:25:12.053 T:104026    info <general>: thread end: video_thread
2026-09-10 11:25:12.053 T:104026   debug <general>: Thread VideoPlayerVideo 281472040298528 terminating
2026-09-10 11:25:12.054 T:104023    info <general>: deleting video codec
2026-09-10 11:25:12.055 T:104023    info <general>: Closing stream player 3
2026-09-10 11:25:12.056 T:104324   debug <general>: Thread JobWorker start, auto delete: true
2026-09-10 11:25:12.056 T:104324   debug <general>: [threads] name: 'JobWorker' priority: '1'
2026-09-10 11:25:12.056 T:104023   debug <general>: Thread VideoPlayer 281472048752672 terminating
2026-09-10 11:25:12.056 T:101983    info <general>: VideoPlayer: finished waiting
2026-09-10 11:25:12.056 T:101983    info <general>: CVideoPlayer::CloseFile()
2026-09-10 11:25:12.056 T:101983    info <general>: VideoPlayer: waiting for threads to exit
2026-09-10 11:25:12.056 T:101983    info <general>: VideoPlayer: finished waiting
2026-09-10 11:25:12.057 T:101983   debug <general>: Radio UECP (RDS) Processor - delete ~CDVDRadioRDSData
2026-09-10 11:25:12.057 T:101983   debug <general>: Audio ID3 tag processor - delete ~CVideoPlayerAudioID3
2026-09-10 11:25:12.061 T:104324    info <general>: Deleting settings information for files /var/tmp/mp1b/past-lives.mkv
2026-09-10 11:25:12.073 T:104324   debug <general>: DoWork - Saving file state for video item /var/tmp/mp1b/past-lives.mkv
2026-09-10 11:25:12.094 T:104324   debug <general>: static void CSaveFileState::DoWork(CFileItem&, CBookmark&, bool): Finished saving file state for video item /var/tmp/mp1b/past-lives.mkv (listing update sent)
2026-09-10 11:25:12.095 T:104324   debug <general>: virtual void CApplicationPlayerCallback::OnPlayBackStopped(): call
2026-09-10 11:25:12.108 T:101983   debug <general>: virtual void CVideoLayerBridgeDRMPRIME::Disable(): MP2COLOR where=VideoLayerBridge:Disable plane=73 plane_fourcc=NV15
2026-09-10 11:25:12.108 T:101983   debug <general>: virtual void KODI::WINDOWING::GBM::CDRMAtomic::FlipPage(gbm_bo*, bool, bool, bool): Execute modeset at next commit
2026-09-10 11:25:12.224 T:101998   debug <general>: CActiveAESink::OpenSink - trying to open device ALSA:sysdefault:CARD=rockchiphdmi1
2026-09-10 11:25:12.225 T:101998    info <general>: CAESinkALSA::Initialize - Attempting to open device "sysdefault:CARD=rockchiphdmi1"
2026-09-10 11:25:12.225 T:101998    info <general>: MP2ALSA open:request device="sysdefault:CARD=rockchiphdmi1" devType=0 passthrough=0 rate=48000 channels=2 aeformat=15 aesparams=""
2026-09-10 11:25:12.229 T:101998    info <general>: CAESinkALSA::Initialize - Opened device "sysdefault:CARD=rockchiphdmi1"
2026-09-10 11:25:12.229 T:101998    info <general>: MP2ALSA open:result snd_pcm_name="sysdefault:CARD=rockchiphdmi1" type=14 state=OPEN
2026-09-10 11:25:12.229 T:101998    info <general>: MP2ALSA hw:before state=OPEN
2026-09-10 11:25:12.229 T:101998    info <general>: CAESinkALSA::InitializeHW - Your hardware does not support AE_FMT_FLOAT, trying other formats
2026-09-10 11:25:12.229 T:101998    info <general>: CAESinkALSA::InitializeHW - Using data format AE_FMT_S24NE4
2026-09-10 11:25:12.229 T:101998   debug <general>: CAESinkALSA::InitializeHW - Request: periodSize 2400, bufferSize 9600
2026-09-10 11:25:12.230 T:101998   debug <general>: CAESinkALSA::InitializeHW - Got: periodSize 2400, bufferSize 9600
2026-09-10 11:25:12.230 T:101998   debug <general>: CAESinkALSA::InitializeHW - Setting timeout to 200 ms
2026-09-10 11:25:12.230 T:101998    info <general>: MP2ALSA hw:after state=PREPARED rate=48000 channels=2 aeformat=9 periodSize=2400 frameSize=8
2026-09-10 11:25:12.230 T:101998    info <general>: MP2ALSA sw:params ret=0 start_threshold=2147483647 avail_min=2400 silence_size=5404319552844595200 boundary=5404319552844595200 state=PREPARED
2026-09-10 11:25:12.230 T:101998    info <general>: MP2ALSA sw:after state=PREPARED
2026-09-10 11:25:12.230 T:101998    info <general>: MP2ALSA chmap:set requested="FL FR" ret=0 state=PREPARED
2026-09-10 11:25:12.230 T:101998    info <general>: MP2ALSA nonblock ret=0 state=PREPARED
2026-09-10 11:25:12.230 T:101998    info <general>: MP2ALSA prepare ret=0 state=PREPARED
2026-09-10 11:25:12.230 T:101998   debug <general>: CAESinkALSA::GetChannelLayout - Input Channel Count: 2 Output Channel Count: 2
2026-09-10 11:25:12.230 T:101998   debug <general>: CAESinkALSA::GetChannelLayout - Requested Layout: FL, FR
2026-09-10 11:25:12.230 T:101998   debug <general>: CAESinkALSA::GetChannelLayout - Got Layout: FL, FR (ALSA: FL FR)
2026-09-10 11:25:12.230 T:101998   debug <general>: CActiveAESink::OpenSink - ALSA Initialized:
2026-09-10 11:25:12.230 T:101998   debug <general>:   Output Device : rockchip-hdmi1
2026-09-10 11:25:12.230 T:101998   debug <general>:   Sample Rate   : 48000
2026-09-10 11:25:12.230 T:101998   debug <general>:   Sample Format : AE_FMT_S24NE4
2026-09-10 11:25:12.230 T:101998   debug <general>:   Channel Count : 2
2026-09-10 11:25:12.230 T:101998   debug <general>:   Channel Layout: FL, FR
2026-09-10 11:25:12.230 T:101998   debug <general>:   Frames        : 2400
2026-09-10 11:25:12.230 T:101998   debug <general>:   Frame Size    : 8
2026-09-10 11:25:12.232 T:101997   debug <general>: void ActiveAE::CActiveAE::ConfigureLowLatency(): Low latency mode: true - Initial buffer level: 20ms (resample: false)
2026-09-10 11:25:12.232 T:101997   debug <general>: CActiveAE::ClearDiscardedBuffers - buffer pool deleted
2026-09-10 11:25:12.232 T:101998    info <general>: MP2ALSA write:first:before frames=2400 state=PREPARED fragmented=0
2026-09-10 11:25:12.232 T:101998    info <general>: MP2ALSA write:first:after frames=2400 ret=2400 (ok) state_before=PREPARED state_after=PREPARED
2026-09-10 11:25:12.306 T:101983   debug <general>: bool KODI::WINDOWING::GBM::CDRMPlane::SupportsFormatAndModifier(uint32_t, uint64_t): found plane format (AR24) and modifier (LINEAR)
2026-09-10 11:25:12.306 T:101983    info <general>: bool KODI::WINDOWING::GBM::CDRMUtils::FindGuiPlane(uint32_t, uint64_t): Using existing gui plane [3840x2160] id:57, format:AR24, modifier:LINEAR, crtc id:89
2026-09-10 11:25:12.308 T:101983   debug <general>: CWinSystemGbmGLESContext::SetFullScreen - resolution changed, creating a new window
2026-09-10 11:25:12.308 T:101983   debug <general>: OnLostDevice - notify display change event
2026-09-10 11:25:12.309 T:101983   debug <general>: void {anonymous}::DrmFbDestroyCallback(gbm_bo*, void*): Removing framebuffer: 339
2026-09-10 11:25:12.310 T:101983   debug <general>: CWinSystemGbmEGLContext::DestroyWindow - deinitialized GBM
2026-09-10 11:25:12.310 T:101983   debug <general>: virtual bool KODI::WINDOWING::GBM::CDRMUtils::SetMode(const RESOLUTION_INFO&): Found crtc mode: 3840x2560 @ 50 Hz
2026-09-10 11:25:12.310 T:101983   debug <general>: CGBMUtils::CreateSurface - created surface with size 3840x2560
2026-09-10 11:25:12.321 T:101983   debug <general>: bool KODI::WINDOWING::GBM::CDRMPlane::SupportsFormatAndModifier(uint32_t, uint64_t): found plane format (AR24) and modifier (LINEAR)
2026-09-10 11:25:12.321 T:101983    info <general>: bool KODI::WINDOWING::GBM::CDRMUtils::FindGuiPlane(uint32_t, uint64_t): Using existing gui plane [3840x2560] id:57, format:AR24, modifier:LINEAR, crtc id:89
2026-09-10 11:25:12.321 T:101983   debug <general>: CWinSystemGbmEGLContext::CreateNewWindow - initialized GBM
2026-09-10 11:25:12.331 T:101983   debug <general>: OnLostDevice - notify display change event
2026-09-10 11:25:12.332 T:101983   debug <general>: virtual bool KODI::WINDOWING::GBM::CDRMUtils::SetMode(const RESOLUTION_INFO&): Found crtc mode: 3840x2560 @ 50 Hz
2026-09-10 11:25:12.332 T:101983   debug <general>: virtual void KODI::WINDOWING::GBM::CDRMAtomic::FlipPage(gbm_bo*, bool, bool, bool): Execute modeset at next commit
2026-09-10 11:25:12.580 T:101998   error <general>: CAESinkALSA - snd_pcm_writei(-77) File descriptor in bad state - trying to recover, state=SETUP
2026-09-10 11:25:12.580 T:101998    info <general>: CAESinkALSA::HandleError(snd_pcm_writei(1)) - the PCM was stopped underneath us (SETUP), preparing it again
2026-09-10 11:25:12.580 T:101998    info <general>: CAESinkALSA::HandleError(snd_pcm_writei(1)) - prepared, state is now PREPARED
2026-09-10 11:25:12.600 T:101983    info <general>: GLES: Maximum texture width: 16383
2026-09-10 11:25:12.632 T:101983   debug <general>: CWinSystemGbmGLESContext::PresentRender - Sending display reset to all clients
2026-09-10 11:25:33.594 T:104697   debug <CWebserver[8080]>: request received for /jsonrpc
